-- phpMyAdmin SQL Dump
-- version 5.2.1
-- https://www.phpmyadmin.net/
--
-- Servidor: 127.0.0.1
-- Tiempo de generación: 02-09-2025 a las 20:59:24
-- Versión del servidor: 10.4.32-MariaDB
-- Versión de PHP: 8.2.12

SET SQL_MODE = "NO_AUTO_VALUE_ON_ZERO";
START TRANSACTION;
SET time_zone = "+00:00";


/*!40101 SET @OLD_CHARACTER_SET_CLIENT=@@CHARACTER_SET_CLIENT */;
/*!40101 SET @OLD_CHARACTER_SET_RESULTS=@@CHARACTER_SET_RESULTS */;
/*!40101 SET @OLD_COLLATION_CONNECTION=@@COLLATION_CONNECTION */;
/*!40101 SET NAMES utf8mb4 */;

--
-- Base de datos: `zyra`
--

-- --------------------------------------------------------

--
-- Estructura de tabla para la tabla `tblcatalogodeactividades`
--

CREATE TABLE `tblcatalogodeactividades` (
  `IDActividad` int(11) NOT NULL,
  `CodigoActividad` varchar(200) DEFAULT NULL,
  `DescripcionActividad` text DEFAULT NULL
) ENGINE=InnoDB DEFAULT CHARSET=utf8mb4 COLLATE=utf8mb4_spanish2_ci;

--
-- Volcado de datos para la tabla `tblcatalogodeactividades`
--

INSERT INTO `tblcatalogodeactividades` (`IDActividad`, `CodigoActividad`, `DescripcionActividad`) VALUES
(1, '13130', 'ACABADO DE PRODUCTOS TEXTILES'),
(2, '97000', 'ACTIVIDAD DE LOS HOGARES EN CALIDAD DE EMPLEADORES DE PERSONAL DOMÉSTICO'),
(3, '66190', 'ACTIVIDADES AUXILIARES DE LA INTERMEDIACIÓN FINANCIERA NCP'),
(4, '66120', 'ACTIVIDADES BURSÁTILES (CORREDORES DE BOLSA)'),
(5, '81100', 'ACTIVIDADES COMBINADAS DE MANTENIMIENTO DE EDIFICIOS E INSTALACIONES'),
(6, '90000', 'ACTIVIDADES CREATIVAS ARTÍSTICAS Y DE ESPARCIMIENTO'),
(7, '66300', 'ACTIVIDADES DE ADMINISTRACIÓN DE FONDOS'),
(8, '84210', 'ACTIVIDADES DE ADMINISTRACIÓN Y FUNCIONAMIENTO DEL MINISTERIO DE RELACIONES EXTERIORES'),
(9, '82910', 'ACTIVIDADES DE AGENCIAS DE COBRO Y OFICINAS DE CRÉDITO'),
(10, '79110', 'ACTIVIDADES DE AGENCIAS DE VIAJES Y ORGANIZADORES DE VIAJES, ACTIVIDADES DE ASISTENCIA A TURISTAS'),
(11, '66220', 'ACTIVIDADES DE AGENTES Y CORREDORES DE SEGUROS'),
(12, '55101', 'ACTIVIDADES DE ALOJAMIENTO PARA ESTANCIAS CORTAS'),
(13, '09900', 'ACTIVIDADES DE APOYO A LA EXPLOTACIÓN DE MINAS Y CANTERAS'),
(14, '09100', 'ACTIVIDADES DE APOYO A LA EXTRACCIÓN DE PETRÓLEO Y GAS NATURAL'),
(15, '82990', 'ACTIVIDADES DE APOYO EMPRESARIALES NCP'),
(16, '87900', 'ACTIVIDADES DE ASISTENCIA A NIÑOS Y JÓVENES'),
(17, '88100', 'ACTIVIDADES DE ASISTENCIA SOCIALES SIN ALOJAMIENTO PARA ANCIANOS Y DISCAPACITADOS'),
(18, '94990', 'ACTIVIDADES DE ASOCIACIONES N.C.P.'),
(19, '86902', 'ACTIVIDADES DE ATENCIÓN DE LA SALUD HUMANA'),
(20, '91010', 'ACTIVIDADES DE BIBLIOTECAS Y ARCHIVOS'),
(21, '55200', 'ACTIVIDADES DE CAMPAMENTOS, PARQUES DE VEHÍCULOS DE RECREO Y PARQUES DE CARAVANAS'),
(22, '93120', 'ACTIVIDADES DE CLUBES DEPORTIVOS'),
(23, '70200', 'ACTIVIDADES DE CONSULTORÍA EN GESTIÓN EMPRESARIAL'),
(24, '69200', 'ACTIVIDADES DE CONTABILIDAD, TENEDURÍA DE LIBROS Y AUDITORÍA, ASESORAMIENTO EN MATERIA DE IMPUESTOS'),
(25, '53200', 'ACTIVIDADES DE CORREO DISTINTAS A LAS ACTIVIDADES POSTALES NACIONALES'),
(26, '84220', 'ACTIVIDADES DE DEFENSA'),
(27, '74100', 'ACTIVIDADES DE DISEÑO ESPECIALIZADO'),
(28, '59130', 'ACTIVIDADES DE DISTRIBUCIÓN DE PELÍCULAS CINEMATOGRÁFICAS, VIDEOS Y PROGRAMAS DE TELEVISIÓN'),
(29, '59200', 'ACTIVIDADES DE EDICIÓN Y GRABACIÓN DE MÚSICA'),
(30, '93299', 'ACTIVIDADES DE ESPARCIMIENTO NCP'),
(31, '59140', 'ACTIVIDADES DE EXHIBICIÓN DE PELÍCULAS CINEMATOGRÁFICAS Y CINTAS DE VÍDEO'),
(32, '74200', 'ACTIVIDADES DE FOTOGRAFÍA'),
(33, '86100', 'ACTIVIDADES DE HOSPITALES'),
(34, '80300', 'ACTIVIDADES DE INVESTIGACIÓN'),
(35, '91030', 'ACTIVIDADES DE JARDINES BOTÁNICOS, ZOOLÓGICOS Y DE RESERVAS NATURALES'),
(36, '92000', 'ACTIVIDADES DE JUEGOS Y APUESTAS'),
(37, '84110', 'ACTIVIDADES DE LA ADMINISTRACIÓN PÚBLICA EN GENERAL'),
(38, '78200', 'ACTIVIDADES DE LAS AGENCIAS DE TRABAJO TEMPORAL'),
(39, '82200', 'ACTIVIDADES DE LAS CENTRALES DE LLAMADAS (CALL CENTER)'),
(40, '79120', 'ACTIVIDADES DE LOS OPERADORES TURÍSTICOS'),
(41, '84230', 'ACTIVIDADES DE MANTENIMIENTO DEL ORDEN PÚBLICO Y DE SEGURIDAD'),
(42, '91020', 'ACTIVIDADES DE MUSEOS Y PRESERVACIÓN DE LUGARES Y EDIFICIOS HISTÓRICOS'),
(43, '70100', 'ACTIVIDADES DE OFICINAS CENTRALES DE SOCIEDADES DE CARTERA'),
(44, '94110', 'ACTIVIDADES DE ORGANIZACIONES EMPRESARIALES Y DE EMPLEADORES'),
(45, '94920', 'ACTIVIDADES DE ORGANIZACIONES POLÍTICAS'),
(46, '94120', 'ACTIVIDADES DE ORGANIZACIONES PROFESIONALES'),
(47, '94910', 'ACTIVIDADES DE ORGANIZACIONES RELIGIOSAS'),
(48, '99000', 'ACTIVIDADES DE ORGANIZACIONES Y ÓRGANOS EXTRATERRITORIALES'),
(49, '93210', 'ACTIVIDADES DE PARQUES DE ATRACCIONES Y PARQUES TEMÁTICOS'),
(50, '84300', 'ACTIVIDADES DE PLANES DE SEGURIDAD SOCIAL DE AFILIACIÓN OBLIGATORIA'),
(51, '59120', 'ACTIVIDADES DE POST PRODUCCIÓN DE PELÍCULAS, VIDEOS Y PROGRAMAS DE TELEVISIÓN'),
(52, '59110', 'ACTIVIDADES DE PRODUCCIÓN CINEMATOGRÁFICA'),
(53, '60201', 'ACTIVIDADES DE PROGRAMACIÓN Y DIFUSIÓN DE TELEVISIÓN ABIERTA'),
(54, '39000', 'ACTIVIDADES DE SANEAMIENTO Y OTROS SERVICIOS DE GESTIÓN DE DESECHOS'),
(55, '80201', 'ACTIVIDADES DE SERVICIOS DE SISTEMAS DE SEGURIDAD'),
(56, '64990', 'ACTIVIDADES DE SERVICIOS FINANCIEROS, EXCEPTO LA FINANCIACIÓN DE PLANES DE SEGUROS Y DE PENSIONES N.C.P.'),
(57, '94200', 'ACTIVIDADES DE SINDICATOS'),
(58, '64200', 'ACTIVIDADES DE SOCIEDADES DE CARTERA'),
(59, '60202', 'ACTIVIDADES DE SUSCRIPCIÓN Y DIFUSIÓN DE TELEVISIÓN POR CABLE Y/O SUSCRIPCIÓN'),
(60, '61900', 'ACTIVIDADES DE TELECOMUNICACIÓN N.C.P.'),
(61, '98100', 'ACTIVIDADES INDIFERENCIADAS DE PRODUCCIÓN DE BIENES DE LOS HOGARES PRIVADOS PARA USO PROPIO'),
(62, '98200', 'ACTIVIDADES INDIFERENCIADAS DE PRODUCCIÓN DE SERVICIOS DE LOS HOGARES PRIVADOS PARA USO PROPIO'),
(63, '68200', 'ACTIVIDADES INMOBILIARIAS REALIZADAS A CAMBIO DE UNA RETRIBUCIÓN O POR CONTRATA'),
(64, '68109', 'ACTIVIDADES INMOBILIARIAS REALIZADAS CON BIENES PROPIOS O ARRENDADOS N.C.P.'),
(65, '69100', 'ACTIVIDADES JURÍDICAS'),
(66, '80202', 'ACTIVIDADES PARA LA PRESTACIÓN DE SISTEMAS DE SEGURIDAD'),
(67, '01621', 'ACTIVIDADES PARA MEJORAR LA REPRODUCCIÓN, EL CRECIMIENTO Y EL RENDIMIENTO DE LOS ANIMALES Y SUS PRODUCTOS'),
(68, '56107', 'ACTIVIDADES VARIAS DE RESTAURANTES'),
(69, '75000', 'ACTIVIDADES VETERINARIAS'),
(70, '03220', 'ACUICULTURA DE AGUA DULCE'),
(71, '03210', 'ACUICULTURA MARÍTIMA'),
(72, '66110', 'ADMINISTRACIÓN DE MERCADOS FINANCIEROS (BOLSA DE VALORES)'),
(73, '53201', 'AGENCIA PRIVADA DE CORREO Y ENCOMIENDAS'),
(74, '52291', 'AGENCIAS DE TRAMITACIONES ADUANALES'),
(75, '84111', 'ALCALDÍAS MUNICIPALES'),
(76, '47119', 'ALMACENES (VENTA DE DIVERSOS ARTÍCULOS)'),
(77, '55900', 'ALOJAMIENTO N.C.P.'),
(78, '52109', 'ALQUILER DE BODEGAS PARA ALMACENAMIENTO Y DEPÓSITO N.C.P.'),
(79, '77220', 'ALQUILER DE CINTAS DE VIDEO Y DISCOS'),
(80, '51202', 'ALQUILER DE EQUIPO DE AEROTRANSPORTE CON OPERADORES PARA EL PROPÓSITO DE TRANSPORTAR CARGA'),
(81, '77102', 'ALQUILER DE EQUIPO DE TRANSPORTE ACUÁTICO'),
(82, '50212', 'ALQUILER DE EQUIPO DE TRANSPORTE DE PASAJEROS POR VÍAS DE NAVEGACIÓN INTERIOR CON CONDUCTOR'),
(83, '77103', 'ALQUILER DE EQUIPO DE TRANSPORTE POR VÍA AÉREA'),
(84, '77101', 'ALQUILER DE EQUIPO DE TRANSPORTE TERRESTRE'),
(85, '52103', 'ALQUILER DE INSTALACIONES CON REFRIGERACIÓN PARA ALMACENAMIENTO Y CONSERVACIÓN DE ALIMENTOS Y OTROS PRODUCTOS'),
(86, '52101', 'ALQUILER DE INSTALACIONES DE ALMACENAMIENTO EN ZONAS FRANCAS'),
(87, '77300', 'ALQUILER DE MAQUINARIA Y EQUIPO'),
(88, '77290', 'ALQUILER DE OTROS EFECTOS PERSONALES Y ENSERES DOMÉSTICOS'),
(89, '52102', 'ALQUILER DE SILOS PARA CONSERVACIÓN Y ALMACENAMIENTO DE GRANOS'),
(90, '49235', 'ALQUILER DE VEHÍCULOS DE CARGA CON CONDUCTOR'),
(91, '77210', 'ALQUILER Y ARRENDAMIENTO DE EQUIPO DE RECREO Y DEPORTIVO'),
(92, '77400', 'ARRENDAMIENTO DE PRODUCTOS DE PROPIEDAD INTELECTUAL'),
(93, '64910', 'ARRENDAMIENTOS FINANCIEROS'),
(94, '16100', 'ASERRADERO Y ACEPILLADURA DE MADERA'),
(95, '64920', 'ASOCIACIONES COOPERATIVAS DE AHORRO Y CRÉDITO DEDICADAS A LA INTERMEDIACIÓN FINANCIERA'),
(96, '64190', 'BANCOS'),
(97, '36000', 'CAPTACIÓN, TRATAMIENTO Y SUMINISTRO DE AGUA'),
(98, '01700', 'CAZA ORDINARIA Y MEDIANTE TRAMPAS, REPOBLACIÓN DE ANIMALES DE CAZA Y SERVICIOS CONEXOS'),
(99, '93298', 'CENTROS VACACIONALES'),
(100, '86201', 'CLÍNICAS MÉDICAS'),
(101, '56108', 'COMEDORES'),
(102, '10006', 'COMERCIANTE'),
(103, '61309', 'COMUNICACIÓN VÍA SATÉLITE N.C.P.'),
(104, '14104', 'CONFECCIÓN DE PRENDAS A MEDIDA'),
(105, '42100', 'CONSTRUCCIÓN DE CARRETERAS, CALLES Y CAMINOS'),
(106, '41002', 'CONSTRUCCIÓN DE EDIFICIOS NO RESIDENCIALES'),
(107, '41001', 'CONSTRUCCIÓN DE EDIFICIOS RESIDENCIALES'),
(108, '42900', 'CONSTRUCCIÓN DE OBRAS DE INGENIERÍA CIVIL N.C.P.'),
(109, '42200', 'CONSTRUCCIÓN DE PROYECTOS DE SERVICIO PÚBLICO'),
(110, '30120', 'CONSTRUCCIÓN Y REPARACIÓN DE EMBARCACIONES DE RECREO'),
(111, '62020', 'CONSULTORÍAS Y GESTIÓN DE SERVICIOS INFORMÁTICOS'),
(112, '01612', 'CONTROL DE PLAGAS'),
(113, '23960', 'CORTE, TALLADO Y ACABADO DE LA PIEDRA'),
(114, '01491', 'CRÍA DE ABEJAS APICULTURA PARA LA OBTENCIÓN DE MIEL Y OTROS PRODUCTOS APÍCOLAS'),
(115, '01460', 'CRÍA DE AVES DE CORRAL Y PRODUCCIÓN DE HUEVOS'),
(116, '01420', 'CRÍA DE CABALLOS Y OTROS EQUINOS'),
(117, '01450', 'CRÍA DE CERDOS'),
(118, '01492', 'CRÍA DE CONEJOS'),
(119, '01493', 'CRÍA DE IGUANAS Y GARROBOS'),
(120, '01494', 'CRÍA DE MARIPOSAS Y OTROS INSECTOS'),
(121, '01440', 'CRÍA DE OVEJAS Y CABRAS'),
(122, '01410', 'CRÍA Y ENGORDE DE GANADO BOVINO'),
(123, '01499', 'CRÍA Y OBTENCIÓN DE PRODUCTOS ANIMALES N.C.P.'),
(124, '01161', 'CULTIVO DE ALGODÓN'),
(125, '01291', 'CULTIVO DE ÁRBOLES DE HULE (CAUCHO) PARA LA OBTENCIÓN DE LÁTEX'),
(126, '01120', 'CULTIVO DE ARROZ'),
(127, '01132', 'CULTIVO DE BROTES, BULBOS, VEGETALES TUBÉRCULOS Y CULTIVOS SIMILARES'),
(128, '01271', 'CULTIVO DE CAFÉ'),
(129, '01140', 'CULTIVO DE CAÑA DE AZÚCAR'),
(130, '01111', 'CULTIVO DE CEREALES EXCEPTO ARROZ Y PARA FORRAJES'),
(131, '01192', 'CULTIVO DE CEREALES Y PASTOS PARA LA ALIMENTACIÓN ANIMAL'),
(132, '01230', 'CULTIVO DE CÍTRICOS'),
(133, '01281', 'CULTIVO DE ESPECIAS Y AROMÁTICAS'),
(134, '01162', 'CULTIVO DE FIBRAS VEGETALES EXCEPTO ALGODÓN'),
(135, '01240', 'CULTIVO DE FRUTAS DE PEPITA Y HUESO'),
(136, '01251', 'CULTIVO DE FRUTAS NCP'),
(137, '01220', 'CULTIVO DE FRUTAS TROPICALES'),
(138, '01260', 'CULTIVO DE FRUTOS OLEAGINOSOS'),
(139, '01134', 'CULTIVO DE HORTALIZAS DE HOJA Y OTRAS HORTALIZAS NCP'),
(140, '01112', 'CULTIVO DE LEGUMBRES'),
(141, '01119', 'CULTIVO DE OTROS CEREALES EXCEPTO ARROZ Y FORRAJEROS N.C.P.'),
(142, '01252', 'CULTIVO DE OTROS FRUTOS Y NUECES DE ÁRBOLES Y ARBUSTOS'),
(143, '01191', 'CULTIVO DE PLANTAS NO PERENNES PARA LA PRODUCCIÓN DE SEMILLAS Y FLORES'),
(144, '01272', 'CULTIVO DE PLANTAS PARA LA ELABORACIÓN DE BEBIDAS EXCEPTO CAFÉ'),
(145, '01282', 'CULTIVO DE PLANTAS PARA LA OBTENCIÓN DE PRODUCTOS MEDICINALES Y FARMACÉUTICOS'),
(146, '01292', 'CULTIVO DE PLANTAS PARA LA OBTENCIÓN DE PRODUCTOS QUÍMICOS Y COLORANTES'),
(147, '01114', 'CULTIVO DE PLANTAS PARA LA PREPARACIÓN DE SEMILLAS'),
(148, '01301', 'CULTIVO DE PLANTAS Y FLORES ORNAMENTALES'),
(149, '01500', 'CULTIVO DE PRODUCTOS AGRÍCOLAS EN COMBINACIÓN CON LA CRÍA DE ANIMALES'),
(150, '01131', 'CULTIVO DE RAÍCES Y TUBÉRCULOS'),
(151, '01113', 'CULTIVO DE SEMILLAS OLEAGINOSAS'),
(152, '01150', 'CULTIVO DE TABACO'),
(153, '01133', 'CULTIVO HORTÍCOLA DE FRUTO'),
(154, '15110', 'CURTIDO Y ADOBO DE CUEROS, ADOBO Y TEÑIDO DE PIELES'),
(155, '43110', 'DEMOLICIÓN'),
(156, '10004', 'DESEMPLEADO'),
(157, '93291', 'DISCOTECAS Y SALAS DE BAILE'),
(158, '35103', 'DISTRIBUCIÓN DE ENERGÍA ELÉCTRICA'),
(159, '78300', 'DOTACIÓN DE RECURSOS HUMANOS Y GESTIÓN, GESTIÓN DE LAS FUNCIONES DE RECURSOS HUMANOS'),
(160, '58120', 'EDICIÓN DE DIRECTORIOS Y LISTAS DE CORREOS'),
(161, '58110', 'EDICIÓN DE LIBROS, FOLLETOS, PARTITURAS Y OTRAS EDICIONES DISTINTAS A ESTAS'),
(162, '58130', 'EDICIÓN DE PERIÓDICOS, REVISTAS Y OTRAS PUBLICACIONES PERIÓDICAS'),
(163, '58200', 'EDICIÓN DE PROGRAMAS INFORMÁTICOS (SOFTWARE)'),
(164, '85420', 'EDUCACIÓN CULTURAL'),
(165, '85410', 'EDUCACIÓN DEPORTIVA Y RECREATIVA'),
(166, '10800', 'ELABORACIÓN DE ALIMENTOS PREPARADOS PARA ANIMALES'),
(167, '14106', 'ELABORACIÓN DE ARTESANÍAS DE USO PERSONAL CONFECCIONADAS ESPECIALMENTE DE MATERIALES TEXTILES'),
(168, '11049', 'ELABORACIÓN DE BEBIDAS NO ALCOHÓLICAS'),
(169, '10612', 'ELABORACIÓN DE CEREALES PARA EL DESAYUNO Y SIMILARES'),
(170, '10750', 'ELABORACIÓN DE COMIDAS Y PLATOS PREPARADOS PARA LA REVENTA EN LOCALES Y/O PARA EXPORTACIÓN'),
(171, '10792', 'ELABORACIÓN DE ESPECIES, SAZONADORES Y CONDIMENTOS'),
(172, '10723', 'ELABORACIÓN DE JARABES DE AZÚCAR Y OTROS SIMILARES'),
(173, '10301', 'ELABORACIÓN DE JUGOS DE FRUTAS Y HORTALIZASV'),
(174, '10740', 'ELABORACIÓN DE MACARRONES, FIDEOS, Y PRODUCTOS FARINÁCEOS SIMILARES'),
(175, '10799', 'ELABORACIÓN DE PRODUCTOS ALIMENTICIOS NCP'),
(176, '10791', 'ELABORACIÓN DE PRODUCTOS DE CAFÉ'),
(177, '10108', 'ELABORACIÓN DE PRODUCTOS DE CARNE NCP'),
(178, '10309', 'ELABORACIÓN DE PRODUCTOS DE FRUTAS Y HORTALIZAS N.C.P.'),
(179, '12000', 'ELABORACIÓN DE PRODUCTOS DE TABACO'),
(180, '11043', 'ELABORACIÓN DE REFRESCOS'),
(181, '10793', 'ELABORACIÓN DE SOPAS, CREMAS Y CONSOMÉ'),
(182, '10711', 'ELABORACIÓN DE TORTILLAS'),
(183, '11020', 'ELABORACIÓN DE VINOS'),
(184, '10104', 'ELABORACIÓN Y CONSERVACIÓN DE EMBUTIDOS Y TRIPAS NATURALES'),
(185, '10106', 'ELABORACIÓN Y CONSERVACIÓN DE GRASAS Y ACEITES ANIMALES'),
(186, '10302', 'ELABORACIÓN Y ENVASE DE JALEAS, MERMELADAS Y FRUTAS DESHIDRATADAS'),
(187, '10001', 'EMPLEADOS'),
(188, '45203', 'ENDEREZADO Y PINTURA DE VEHÍCULOS AUTOMOTORES'),
(189, '71200', 'ENSAYOS Y ANÁLISIS TÉCNICOS'),
(190, '85499', 'ENSEÑANZA FORMAL'),
(191, '85102', 'ENSEÑANZA PREESCOLAR O PARVULARIA'),
(192, '85103', 'ENSEÑANZA PRIMARIA'),
(193, '85212', 'ENSEÑANZA SECUNDARIA DE FORMACIÓN GENERAL BACHILLERATO'),
(194, '85221', 'ENSEÑANZA SECUNDARIA DE FORMACIÓN TÉCNICA Y PROFESIONAL'),
(195, '85222', 'ENSEÑANZA SECUNDARIA DE FORMACIÓN TÉCNICA Y PROFESIONAL INTEGRADA CON ENSEÑANZA PRIMARIA'),
(196, '85211', 'ENSEÑANZA SECUNDARIA TERCER CICLO (7°, 8° Y 9°)'),
(197, '85303', 'ENSEÑANZA SUPERIOR INTEGRADA A EDUCACIÓN SECUNDARIA Y/O PRIMARIA'),
(198, '85302', 'ENSEÑANZA SUPERIOR NO UNIVERSITARIA'),
(199, '85301', 'ENSEÑANZA SUPERIOR UNIVERSITARIA'),
(200, '64192', 'ENTIDADES DEDICADAS AL ENVÍO DE REMESAS'),
(201, '10003', 'ESTUDIANTE'),
(202, '37000', 'EVACUACIÓN DE AGUAS RESIDUALES (ALCANTARILLADO)'),
(203, '66210', 'EVALUACIÓN DE RIESGOS Y DAÑOS'),
(204, '08990', 'EXPLOTACIÓN DE OTRAS MINAS Y CANTERAS NCP'),
(205, '06200', 'EXTRACCIÓN DE GAS NATURAL'),
(206, '05100', 'EXTRACCIÓN DE HULLA'),
(207, '02200', 'EXTRACCIÓN DE MADERA'),
(208, '07100', 'EXTRACCIÓN DE MINERALES DE HIERRO'),
(209, '07210', 'EXTRACCIÓN DE MINERALES DE URANIO Y TORIO'),
(210, '07290', 'EXTRACCIÓN DE MINERALES METALÍFEROS NO FERROSOS'),
(211, '08910', 'EXTRACCIÓN DE MINERALES PARA LA FABRICACIÓN DE ABONOS Y PRODUCTOS QUÍMICOS'),
(212, '06100', 'EXTRACCIÓN DE PETRÓLEO CRUDO'),
(213, '08100', 'EXTRACCIÓN DE PIEDRA, ARENA Y ARCILLA'),
(214, '08930', 'EXTRACCIÓN DE SAL'),
(215, '05200', 'EXTRACCIÓN Y AGLOMERACIÓN DE LIGNITO'),
(216, '08920', 'EXTRACCIÓN Y AGLOMERACIÓN DE TURBA'),
(217, '20120', 'FABRICACIÓN DE ABONOS Y FERTILIZANTES'),
(218, '32905', 'FABRICACIÓN DE ACCESORIOS PARA LAS CONFECCIONES Y LA MARROQUINERÍA N.C.P.'),
(219, '10401', 'FABRICACIÓN DE ACEITES Y GRASAS VEGETALES Y ANIMALES COMESTIBLES'),
(220, '10402', 'FABRICACIÓN DE ACEITES Y GRASAS VEGETALES Y ANIMALES NO COMESTIBLES'),
(221, '19202', 'FABRICACIÓN DE ACEITES Y LUBRICANTES'),
(222, '13991', 'FABRICACIÓN DE ADORNOS, ETIQUETAS Y OTROS ARTÍCULOS PARA PRENDAS DE VESTIR'),
(223, '30300', 'FABRICACIÓN DE AERONAVES Y NAVES ESPACIALES'),
(224, '11012', 'FABRICACIÓN DE AGUARDIENTE Y LICORES'),
(225, '11041', 'FABRICACIÓN DE AGUAS GASEOSAS'),
(226, '20114', 'FABRICACIÓN DE ALCOHOL ETÍLICO'),
(227, '10621', 'FABRICACIÓN DE ALMIDÓN'),
(228, '27500', 'FABRICACIÓN DE APARATOS DE USO DOMÉSTICO'),
(229, '26400', 'FABRICACIÓN DE APARATOS ELECTRÓNICOS DE CONSUMO PARA AUDIO, VIDEO RADIO Y TELEVISIÓN'),
(230, '25200', 'FABRICACIÓN DE ARMAS Y MUNICIONES'),
(231, '16292', 'FABRICACIÓN DE ARTESANÍAS DE MADERA, SEMILLAS, MATERIALES TRENZABLES'),
(232, '32903', 'FABRICACIÓN DE ARTESANÍAS DE MATERIALES DIVERSOS'),
(233, '15123', 'FABRICACIÓN DE ARTESANÍAS PRINCIPALMENTE DE CUERO NATURAL Y SINTÉTICO'),
(234, '13929', 'FABRICACIÓN DE ARTÍCULOS CONFECCIONADOS CON MATERIALES TEXTILES, EXCEPTO PRENDAS DE VESTIR NCP'),
(235, '25930', 'FABRICACIÓN DE ARTÍCULOS DE CUCHILLERÍA, HERRAMIENTAS DE MANO Y ARTÍCULOS DE FERRETERÍA'),
(236, '32301', 'FABRICACIÓN DE ARTÍCULOS DE DEPORTE'),
(237, '23950', 'FABRICACIÓN DE ARTÍCULOS DE HORMIGÓN, CEMENTO Y YESO'),
(238, '17091', 'FABRICACIÓN DE ARTÍCULOS DE PAPEL Y CARTÓN DE USO PERSONAL Y DOMÉSTICO'),
(239, '14200', 'FABRICACIÓN DE ARTÍCULOS DE PIEL'),
(240, '32904', 'FABRICACIÓN DE ARTÍCULOS DE USO PERSONAL Y DOMÉSTICOS N.C.P.'),
(241, '25992', 'FABRICACIÓN DE ARTÍCULOS METÁLICOS DE USO PERSONAL Y/O DOMÉSTICO'),
(242, '30920', 'FABRICACIÓN DE BICICLETAS Y SILLONES DE RUEDAS PARA INVÁLIDOS'),
(243, '10794', 'FABRICACIÓN DE BOCADILLOS TOSTADOS Y/O FRITOS'),
(244, '30110', 'FABRICACIÓN DE BUQUES'),
(245, '27310', 'FABRICACIÓN DE CABLES DE FIBRA ÓPTICA'),
(246, '10730', 'FABRICACIÓN DE CACAO, CHOCOLATES Y PRODUCTOS DE CONFITERÍA'),
(247, '14301', 'FABRICACIÓN DE CALCETINES, CALCETAS, MEDIAS (PANTY HOUSE) Y OTROS SIMILARES'),
(248, '15201', 'FABRICACIÓN DE CALZADO'),
(249, '29200', 'FABRICACIÓN DE CARROCERÍAS PARA VEHÍCULOS AUTOMOTORES, FABRICACIÓN DE REMOLQUES Y SEMIREMOLQUES'),
(250, '23940', 'FABRICACIÓN DE CEMENTO, CAL Y YESO'),
(251, '11030', 'FABRICACIÓN DE CERVEZA'),
(252, '28140', 'FABRICACIÓN DE COJINETES, ENGRANAJES, TRENES DE ENGRANAJES Y PIEZAS DE TRANSMISIÓN'),
(253, '31001', 'FABRICACIÓN DE COLCHONES Y SOMIER'),
(254, '19201', 'FABRICACIÓN DE COMBUSTIBLE'),
(255, '26100', 'FABRICACIÓN DE COMPONENTES ELECTRÓNICOS'),
(256, '26200', 'FABRICACIÓN DE COMPUTADORAS Y EQUIPO CONEXO'),
(257, '22110', 'FABRICACIÓN DE CUBIERTAS Y CÁMARAS, RENOVACIÓN Y RECAUCHUTADO DE CUBIERTAS'),
(258, '13941', 'FABRICACIÓN DE CUERDAS DE HENEQUÉN Y OTRAS FIBRAS NATURALES (LAZOS, PITAS)'),
(259, '27330', 'FABRICACIÓN DE DISPOSITIVOS DE CABLEADOS'),
(260, '22201', 'FABRICACIÓN DE ENVASES PLÁSTICOS'),
(261, '25991', 'FABRICACIÓN DE ENVASES Y ARTÍCULOS CONEXOS DE METAL'),
(262, '16230', 'FABRICACIÓN DE ENVASES Y RECIPIENTES DE MADERA'),
(263, '26300', 'FABRICACIÓN DE EQUIPO DE COMUNICACIONES'),
(264, '28160', 'FABRICACIÓN DE EQUIPO DE ELEVACIÓN Y MANIPULACIÓN'),
(265, '30990', 'FABRICACIÓN DE EQUIPO DE TRANSPORTE NCP'),
(266, '27400', 'FABRICACIÓN DE EQUIPO ELÉCTRICO DE ILUMINACIÓN'),
(267, '28120', 'FABRICACIÓN DE EQUIPO HIDRÁULICO'),
(268, '26600', 'FABRICACIÓN DE EQUIPO MÉDICO DE IRRADIACIÓN Y EQUIPO ELECTRÓNICO DE USO MÉDICO Y TERAPÉUTICO'),
(269, '32902', 'FABRICACIÓN DE ESCOBAS, CEPILLOS, PINCELES Y SIMILARES'),
(270, '20300', 'FABRICACIÓN DE FIBRAS ARTIFICIALES'),
(271, '35200', 'FABRICACIÓN DE GAS, DISTRIBUCIÓN DE COMBUSTIBLES GASEOSOS POR TUBERÍAS'),
(272, '20113', 'FABRICACIÓN DE GASES INDUSTRIALES'),
(273, '25130', 'FABRICACIÓN DE GENERADORES DE VAPOR, EXCEPTO CALDERAS DE AGUA CALIENTE PARA CALEFACCIÓN CENTRAL'),
(274, '28180', 'FABRICACIÓN DE HERRAMIENTAS MANUALES'),
(275, '13112', 'FABRICACIÓN DE HILADOS'),
(276, '28150', 'FABRICACIÓN DE HORNOS Y QUEMADORES'),
(277, '26700', 'FABRICACIÓN DE INSTRUMENTOS DE ÓPTICA Y EQUIPO FOTOGRÁFICO'),
(278, '32200', 'FABRICACIÓN DE INSTRUMENTOS MUSICALES'),
(279, '26510', 'FABRICACIÓN DE INSTRUMENTOS Y APARATOS PARA MEDIR, VERIFICAR, ENSAYAR, NAVEGAR Y DE CONTROL DE PROCESOS INDUSTRIALES'),
(280, '32500', 'FABRICACIÓN DE INSTRUMENTOS Y MATERIALES MÉDICOS Y ODONTOLÓGICOS'),
(281, '20231', 'FABRICACIÓN DE JABONES, DETERGENTES Y SIMILARES PARA LIMPIEZA'),
(282, '32120', 'FABRICACIÓN DE JOYAS DE IMITACIÓN (FANTASÍA) Y ARTÍCULOS CONEXOS'),
(283, '32110', 'FABRICACIÓN DE JOYAS PLATERÍAS Y JOYERÍAS'),
(284, '32401', 'FABRICACIÓN DE JUEGOS DE MESA Y DE SALÓN'),
(285, '32409', 'FABRICACIÓN DE JUEGOS Y JUGUETES N.C.P.'),
(286, '32901', 'FABRICACIÓN DE LÁPICES, BOLÍGRAFOS, SELLOS Y ARTÍCULOS DE LIBRERÍA EN GENERAL'),
(287, '30200', 'FABRICACIÓN DE LOCOMOTORAS Y DE MATERIAL RODANTE'),
(288, '16210', 'FABRICACIÓN DE MADERA LAMINADA, TERCIADA, ENCHAPADA Y CONTRACHAPADA, PANELES PARA LA CONSTRUCCIÓN'),
(289, '15121', 'FABRICACIÓN DE MALETAS, BOLSOS DE MANO Y OTROS ARTÍCULOS DE MARROQUINERÍA'),
(290, '28210', 'FABRICACIÓN DE MAQUINARIA AGROPECUARIA Y FORESTAL'),
(291, '28299', 'FABRICACIÓN DE MAQUINARIA DE USO ESPECIAL NCP'),
(292, '28230', 'FABRICACIÓN DE MAQUINARIA METALÚRGICA'),
(293, '28250', 'FABRICACIÓN DE MAQUINARIA PARA LA ELABORACIÓN DE ALIMENTOS, BEBIDAS Y TABACO'),
(294, '28260', 'FABRICACIÓN DE MAQUINARIA PARA LA ELABORACIÓN DE PRODUCTOS TEXTILES, PRENDAS DE VESTIR Y CUEROS'),
(295, '28240', 'FABRICACIÓN DE MAQUINARIA PARA LA EXPLOTACIÓN DE MINAS Y CANTERAS Y PARA OBRAS DE CONSTRUCCIÓN'),
(296, '28170', 'FABRICACIÓN DE MAQUINARIA Y EQUIPO DE OFICINA'),
(297, '28220', 'FABRICACIÓN DE MÁQUINAS PARA CONFORMAR METALES Y MAQUINARIA HERRAMIENTA'),
(298, '28291', 'FABRICACIÓN DE MÁQUINAS PARA IMPRENTA'),
(299, '20112', 'FABRICACIÓN DE MATERIALES CURTIENTES'),
(300, '20111', 'FABRICACIÓN DE MATERIAS PRIMAS PARA LA FABRICACIÓN DE COLORANTES'),
(301, '26800', 'FABRICACIÓN DE MEDIOS MAGNÉTICOS Y ÓPTICOS'),
(302, '15122', 'FABRICACIÓN DE MONTURAS, ACCESORIOS Y VAINAS TALABARTERÍA'),
(303, '30910', 'FABRICACIÓN DE MOTOCICLETAS'),
(304, '28110', 'FABRICACIÓN DE MOTORES Y TURBINAS, EXCEPTO MOTORES PARA AERONAVES, VEHÍCULOS AUTOMOTORES Y MOTOCICLETAS'),
(305, '27100', 'FABRICACIÓN DE MOTORES, GENERADORES, TRANSFORMADORES ELÉCTRICOS, APARATOS DE DISTRIBUCIÓN Y CONTROL DE ELECTRICIDAD'),
(306, '31009', 'FABRICACIÓN DE MUEBLES NCP'),
(307, '31002', 'FABRICACIÓN DE MUEBLES Y OTROS PRODUCTOS DE MADERA A MEDIDA'),
(308, '28130', 'FABRICACIÓN DE OTRAS BOMBAS, COMPRESORES, GRIFOS Y VÁLVULAS'),
(309, '27320', 'FABRICACIÓN DE OTROS HILOS Y CABLES ELÉCTRICOS'),
(310, '22190', 'FABRICACIÓN DE OTROS PRODUCTOS DE CAUCHO'),
(311, '27900', 'FABRICACIÓN DE OTROS TIPOS DE EQUIPO ELÉCTRICO'),
(312, '28190', 'FABRICACIÓN DE OTROS TIPOS DE MAQUINARIA DE USO GENERAL'),
(313, '10712', 'FABRICACIÓN DE PAN, GALLETAS Y BARQUILLOS'),
(314, '17020', 'FABRICACIÓN DE PAPEL Y CARTÓN ONDULADO Y ENVASES DE PAPEL Y CARTÓN'),
(315, '15202', 'FABRICACIÓN DE PARTES Y ACCESORIOS DE CALZADO'),
(316, '16220', 'FABRICACIÓN DE PARTES Y PIEZAS DE CARPINTERÍA PARA EDIFICIOS Y CONSTRUCCIONES'),
(317, '29300', 'FABRICACIÓN DE PARTES, PIEZAS Y ACCESORIOS PARA VEHÍCULOS AUTOMOTORES'),
(318, '17010', 'FABRICACIÓN DE PASTA DE MADERA, PAPEL Y CARTÓN'),
(319, '20232', 'FABRICACIÓN DE PERFUMES, COSMÉTICOS Y PRODUCTOS DE HIGIENE Y CUIDADO PERSONAL, INCLUYENDO TINTES, CHAMPÚ, ETC.'),
(320, '27200', 'FABRICACIÓN DE PILAS, BATERÍAS Y ACUMULADORES'),
(321, '20220', 'FABRICACIÓN DE PINTURAS, BARNICES Y PRODUCTOS DE REVESTIMIENTO SIMILARES, TINTAS DE IMPRENTA Y MASILLAS'),
(322, '20210', 'FABRICACIÓN DE PLAGUICIDAS Y OTROS PRODUCTOS QUÍMICOS DE USO AGROPECUARIO'),
(323, '20130', 'FABRICACIÓN DE PLÁSTICO Y CAUCHO EN FORMAS PRIMARIAS'),
(324, '14309', 'FABRICACIÓN DE PRENDAS DE VESTIR DE TEJIDO DE PUNTO NCP'),
(325, '14103', 'FABRICACIÓN DE PRENDAS DE VESTIR PARA AMBOS SEXOS'),
(326, '14105', 'FABRICACIÓN DE PRENDAS DE VESTIR PARA DEPORTES'),
(327, '14109', 'FABRICACIÓN DE PRENDAS Y ACCESORIOS DE VESTIR N.C.P.'),
(328, '23920', 'FABRICACIÓN DE PRODUCTOS DE ARCILLA PARA LA CONSTRUCCIÓN'),
(329, '23932', 'FABRICACIÓN DE PRODUCTOS DE CERÁMICA Y PORCELANA NCP'),
(330, '23931', 'FABRICACIÓN DE PRODUCTOS DE CERÁMICA Y PORCELANA NO REFRACTARIA'),
(331, '19100', 'FABRICACIÓN DE PRODUCTOS DE HORNOS DE COQUE'),
(332, '16299', 'FABRICACIÓN DE PRODUCTOS DE MADERA, CORCHO, PAJA Y MATERIALES TRENZABLES NCP'),
(333, '17092', 'FABRICACIÓN DE PRODUCTOS DE PAPEL NCP'),
(334, '10209', 'FABRICACIÓN DE PRODUCTOS DE PESCADO NCP'),
(335, '23109', 'FABRICACIÓN DE PRODUCTOS DE VIDRIO NCP'),
(336, '25999', 'FABRICACIÓN DE PRODUCTOS ELABORADOS DE METAL NCP'),
(337, '10501', 'FABRICACIÓN DE PRODUCTOS LÁCTEOS EXCEPTO SORBETES Y QUESOS SUSTITUTOS'),
(338, '32909', 'FABRICACIÓN DE PRODUCTOS MANUFACTURADOS N.C.P.'),
(339, '25111', 'FABRICACIÓN DE PRODUCTOS METÁLICOS PARA USO ESTRUCTURAL'),
(340, '23990', 'FABRICACIÓN DE PRODUCTOS MINERALES NO METÁLICOS NCP'),
(341, '20292', 'FABRICACIÓN DE PRODUCTOS PIROTÉCNICOS, EXPLOSIVOS Y MUNICIONES'),
(342, '22209', 'FABRICACIÓN DE PRODUCTOS PLÁSTICOS N.C.P.'),
(343, '22202', 'FABRICACIÓN DE PRODUCTOS PLÁSTICOS PARA USO PERSONAL O DOMÉSTICO'),
(344, '24200', 'FABRICACIÓN DE PRODUCTOS PRIMARIOS DE METALES PRECIOSOS Y METALES NO FERROSOS'),
(345, '20299', 'FABRICACIÓN DE PRODUCTOS QUÍMICOS N.C.P.'),
(346, '23910', 'FABRICACIÓN DE PRODUCTOS REFRACTARIOS'),
(347, '13999', 'FABRICACIÓN DE PRODUCTOS TEXTILES NCP'),
(348, '13921', 'FABRICACIÓN DE PRODUCTOS TEXTILES PARA EL HOGAR'),
(349, '10503', 'FABRICACIÓN DE QUESOS'),
(350, '23102', 'FABRICACIÓN DE RECIPIENTES Y ENVASES DE VIDRIO'),
(351, '13942', 'FABRICACIÓN DE REDES DE DIVERSOS MATERIALES'),
(352, '26520', 'FABRICACIÓN DE RELOJES Y PIEZAS DE RELOJES'),
(353, '10713', 'FABRICACIÓN DE REPOSTERÍA'),
(354, '14302', 'FABRICACIÓN DE ROPA INTERIOR DE TEJIDO DE PUNTO'),
(355, '14101', 'FABRICACIÓN DE ROPA INTERIOR, PARA DORMIR Y SIMILARES'),
(356, '14102', 'FABRICACIÓN DE ROPA PARA NIÑOS'),
(357, '10502', 'FABRICACIÓN DE SORBETES Y HELADOS'),
(358, '20119', 'FABRICACIÓN DE SUSTANCIAS QUÍMICAS BÁSICAS'),
(359, '25120', 'FABRICACIÓN DE TANQUES, DEPÓSITOS Y RECIPIENTES DE METAL'),
(360, '13930', 'FABRICACIÓN DE TAPICES Y ALFOMBRAS'),
(361, '43901', 'FABRICACIÓN DE TECHOS Y MATERIALES DIVERSOS'),
(362, '13910', 'FABRICACIÓN DE TEJIDOS DE PUNTO Y GANCHILLO'),
(363, '13120', 'FABRICACIÓN DE TELAS'),
(364, '20291', 'FABRICACIÓN DE TINTAS Y COLORES PARA ESCRIBIR Y PINTAR, FABRICACIÓN DE CINTAS PARA IMPRESORAS'),
(365, '30400', 'FABRICACIÓN DE VEHÍCULOS MILITARES DE COMBATE'),
(366, '23101', 'FABRICACIÓN DE VIDRIO'),
(367, '29100', 'FABRICACIÓN VEHÍCULOS AUTOMOTORES'),
(368, '11042', 'FABRICACIÓN Y ENVASADO DE AGUA'),
(369, '64300', 'FIDEICOMISOS, FONDOS Y OTRAS FUENTES DE FINANCIAMIENTO'),
(370, '25910', 'FORJADO, PRENSADO, ESTAMPADO Y LAMINADO DE METALES, PULVIMETALURGIA'),
(371, '24310', 'FUNDICIÓN DE HIERRO Y ACERO'),
(372, '24320', 'FUNDICIÓN DE METALES NO FERROSOS'),
(373, '35101', 'GENERACIÓN DE ENERGÍA ELÉCTRICA'),
(374, '93110', 'GESTIÓN DE INSTALACIONES DEPORTIVAS'),
(375, '85101', 'GUARDERÍA EDUCATIVA'),
(376, '55102', 'HOTELES'),
(377, '18110', 'IMPRESIÓN'),
(378, '24100', 'INDUSTRIAS BÁSICAS DE HIERRO Y ACERO'),
(379, '10721', 'INGENIOS AZUCAREROS'),
(380, '43220', 'INSTALACIÓN DE FONTANERÍA, CALEFACCIÓN Y AIRE ACONDICIONADO'),
(381, '33200', 'INSTALACIÓN DE MAQUINARIA Y EQUIPO INDUSTRIAL'),
(382, '43210', 'INSTALACIONES ELÉCTRICAS'),
(383, '87300', 'INSTITUCIONES DEDICADAS AL CUIDADO DE ANCIANOS Y DISCAPACITADOS'),
(384, '87200', 'INSTITUCIONES DEDICADAS AL TRATAMIENTO DEL RETRASO MENTAL, PROBLEMAS DE SALUD MENTAL Y EL USO INDEBIDO DE SUSTANCIAS NOCIVAS'),
(385, '64921', 'INSTITUCIONES EMISORAS DE TARJETAS DE CRÉDITO Y OTROS'),
(386, '73200', 'INVESTIGACIÓN DE MERCADOS Y REALIZACIÓN DE ENCUESTAS DE OPINIÓN PÚBLICA'),
(387, '72199', 'INVESTIGACIONES CIENTÍFICAS'),
(388, '72100', 'INVESTIGACIONES Y DESARROLLO EXPERIMENTAL EN EL CAMPO DE LAS CIENCIAS NATURALES Y LA INGENIERÍA'),
(389, '72200', 'INVESTIGACIONES Y DESARROLLO EXPERIMENTAL EN EL CAMPO DE LAS CIENCIAS SOCIALES Y LAS HUMANIDADES CIENTÍFICA Y DESARROLLO'),
(390, '10002', 'JUBILADO'),
(391, '01631', 'LABORES POST COSECHA DE PREPARACIÓN DE LOS PRODUCTOS AGRÍCOLAS PARA SU COMERCIALIZACIÓN O PARA LA INDUSTRIA'),
(392, '96010', 'LAVADO Y LIMPIEZA DE PRENDAS DE TELA Y DE PIEL, INCLUSO LA LIMPIEZA EN SECO'),
(393, '45208', 'LAVADO Y PASTEADO DE VEHÍCULOS (CARWASH)'),
(394, '81210', 'LIMPIEZA GENERAL DE EDIFICIOS'),
(395, '52240', 'MANIPULACIÓN DE CARGA'),
(396, '45403', 'MANTENIMIENTO Y REPARACIÓN DE MOTOCICLETAS'),
(397, '21001', 'MANUFACTURA DE PRODUCTOS FARMACÉUTICOS, SUSTANCIAS QUÍMICAS Y PRODUCTOS BOTÁNICOS'),
(398, '22208', 'MAQUILA DE PLÁSTICOS'),
(399, '11048', 'MAQUILADO DE AGUAS GASEOSAS'),
(400, '15128', 'MAQUILADO DE ARTÍCULOS DE CUERO NATURAL, SINTÉTICO Y DE OTROS  MATERIALES'),
(401, '10724', 'MAQUILADO DE AZÚCAR DE CAÑA'),
(402, '21008', 'MAQUILADO DE MEDICAMENTOS'),
(403, '15208', 'MAQUILADO DE PARTES Y ACCESORIOS DE CALZADO'),
(404, '14108', 'MAQUILADO DE PRENDAS DE VESTIR, ACCESORIOS Y OTROS'),
(405, '13948', 'MAQUILADO DE PRODUCTOS TRENZABLES DE CUALQUIER MATERIAL (PETATES,SILLAS, ETC.)'),
(406, '10102', 'MATANZA Y PROCESAMIENTO DE BOVINOS Y PORCINOS'),
(407, '10103', 'MATANZA Y PROCESAMIENTOS DE AVES DE CORRAL'),
(408, '56109', 'MERENDEROS AMBULANTES'),
(409, '10722', 'MOLIENDA DE CAÑA DE AZÚCAR PARA LA ELABORACIÓN DE DULCES'),
(410, '10611', 'MOLIENDA DE CEREALES'),
(411, '78100', 'OBTENCIÓN Y DOTACIÓN DE PERSONAL'),
(412, '82300', 'ORGANIZACIÓN DE CONVENCIONES Y FERIAS DE NEGOCIOS'),
(413, '66290', 'OTRAS ACTIVIDADES AUXILIARES DE SEGUROS Y FONDOS DE PENSIONES'),
(414, '81290', 'OTRAS ACTIVIDADES COMBINADAS DE MANTENIMIENTO DE EDIFICIOS E INSTALACIONES NCP'),
(415, '87901', 'OTRAS ACTIVIDADES DE ATENCIÓN EN INSTITUCIONES'),
(416, '58190', 'OTRAS ACTIVIDADES DE EDICIÓN'),
(417, '62090', 'OTRAS ACTIVIDADES DE TECNOLOGÍA DE INFORMACIÓN Y SERVICIOS DE COMPUTADORA'),
(418, '93190', 'OTRAS ACTIVIDADES DEPORTIVAS'),
(419, '43900', 'OTRAS ACTIVIDADES ESPECIALIZADAS DE CONSTRUCCIÓN'),
(420, '64199', 'OTRAS ENTIDADES FINANCIERAS'),
(421, '43290', 'OTRAS INSTALACIONES PARA OBRAS DE CONSTRUCCIÓN'),
(422, '10005', 'OTROS'),
(423, '86909', 'OTROS SERVICIO RELACIONADOS CON LA SALUD NCP'),
(424, '63990', 'OTROS SERVICIOS DE INFORMACIÓN N.C.P.'),
(425, '79900', 'OTROS SERVICIOS DE RESERVAS Y ACTIVIDADES RELACIONADAS'),
(426, '85490', 'OTROS TIPOS DE ENSEÑANZA N.C.P.'),
(427, '47990', 'OTROS TIPOS DE VENTA AL POR MENOR NO REALIZADA, EN ALMACENES, PUESTOS DE VENTA O MERCADO'),
(428, '96020', 'PELUQUERÍA Y OTROS TRATAMIENTOS DE BELLEZA'),
(429, '03120', 'PESCA DE AGUA DULCE'),
(430, '03110', 'PESCA MARÍTIMA DE ALTURA Y COSTERA'),
(431, '65300', 'PLANES DE PENSIONES'),
(432, '65120', 'PLANES DE SEGURO EXCEPTO DE VIDA'),
(433, '65110', 'PLANES DE SEGUROS DE VIDA'),
(434, '65200', 'PLANES SE SEGURO'),
(435, '45207', 'POLARIZADO DE VEHÍCULOS (MEDIANTE LA ADHESIÓN DE PAPEL ESPECIAL A LOS VIDRIOS)'),
(436, '96030', 'POMPAS FÚNEBRES Y ACTIVIDADES CONEXAS'),
(437, '63120', 'PORTALES WEB'),
(438, '56210', 'PREPARACIÓN DE COMIDA PARA EVENTOS ESPECIALES'),
(439, '13111', 'PREPARACIÓN DE FIBRAS TEXTILES'),
(440, '43120', 'PREPARACIÓN DE TERRENO'),
(441, '64928', 'PRESTAMISTAS Y CASAS DE EMPEÑO'),
(442, '63110', 'PROCESAMIENTO DE DATOS Y ACTIVIDADES RELACIONADAS'),
(443, '10201', 'PROCESAMIENTO Y CONSERVACIÓN DE PESCADO, CRUSTÁCEOS Y MOLUSCOS'),
(444, '01199', 'PRODUCCIÓN DE CULTIVOS NO ESTACIONALES NCP'),
(445, '01299', 'PRODUCCIÓN DE CULTIVOS PERENNES NCP'),
(446, '62010', 'PROGRAMACIÓN INFORMÁTICA'),
(447, '60900', 'PROGRAMACIÓN Y TRANSMISIÓN DE RADIO Y TELEVISIÓN'),
(448, '01300', 'PROPAGACIÓN DE PLANTAS'),
(449, '73100', 'PUBLICIDAD'),
(450, '56106', 'PUPUSERÍA'),
(451, '38304', 'RECICLAJE DE DESPERDICIOS Y DESECHOS DE PAPEL Y CARTÓN'),
(452, '38302', 'RECICLAJE DE DESPERDICIOS Y DESECHOS DE PLÁSTICO Y CAUCHO'),
(453, '38303', 'RECICLAJE DE DESPERDICIOS Y DESECHOS DE VIDRIO'),
(454, '38305', 'RECICLAJE DE DESPERDICIOS Y DESECHOS METÁLICOS'),
(455, '38309', 'RECICLAJE DE DESPERDICIOS Y DESECHOS NO METÁLICOS N.C.P.'),
(456, '38301', 'RECICLAJE DE DESPERDICIOS Y DESECHOS TEXTILES'),
(457, '38120', 'RECOLECCIÓN DE DESECHOS PELIGROSOS'),
(458, '02300', 'RECOLECCIÓN DE PRODUCTOS DIFERENTES A LA MADERA'),
(459, '38110', 'RECOLECCIÓN Y TRANSPORTE DE DESECHOS SÓLIDOS PROVENIENTE DE HOGARES Y SECTOR URBANO'),
(460, '84120', 'REGULACIÓN DE LAS ACTIVIDADES DE PRESTACIÓN DE SERVICIOS SANITARIOS, EDUCATIVOS, CULTURALES Y OTROS SERVICIOS SOCIALES, EXCEPTO SEGURIDAD SOCIAL'),
(461, '84130', 'REGULACIÓN Y FACILITACIÓN DE LA ACTIVIDAD ECONÓMICA'),
(462, '45211', 'REMOLQUE DE VEHÍCULOS AUTOMOTORES'),
(463, '95220', 'REPARACIÓN DE APARATOS DOMÉSTICO Y EQUIPO DE HOGAR Y JARDÍN'),
(464, '95210', 'REPARACIÓN DE APARATOS ELECTRÓNICOS DE CONSUMO'),
(465, '95294', 'REPARACIÓN DE BICICLETAS, SILLAS DE RUEDAS Y RODADOS N.C.P.'),
(466, '95230', 'REPARACIÓN DE CALZADO Y ARTÍCULOS DE CUERO'),
(467, '95110', 'REPARACIÓN DE COMPUTADORAS Y EQUIPO PERIFÉRICO'),
(468, '95120', 'REPARACIÓN DE EQUIPO DE COMUNICACIÓN'),
(469, '95291', 'REPARACIÓN DE INSTRUMENTOS MUSICALES'),
(470, '95293', 'REPARACIÓN DE JOYAS Y RELOJES'),
(471, '45206', 'REPARACIÓN DE LLANTAS DE VEHÍCULOS AUTOMOTORES'),
(472, '95240', 'REPARACIÓN DE MUEBLES Y ACCESORIOS PARA EL HOGAR'),
(473, '45201', 'REPARACIÓN MECÁNICA DE VEHÍCULOS AUTOMOTORES'),
(474, '33150', 'REPARACIÓN Y MANTENIMIENTO DE EQUIPO DE TRANSPORTE, EXCEPTO VEHÍCULOS AUTOMOTORES'),
(475, '33140', 'REPARACIÓN Y MANTENIMIENTO DE EQUIPO ELÉCTRICO'),
(476, '33130', 'REPARACIÓN Y MANTENIMIENTO DE EQUIPO ELECTRÓNICO Y ÓPTICO'),
(477, '33190', 'REPARACIÓN Y MANTENIMIENTO DE EQUIPOS N.C.P.'),
(478, '33120', 'REPARACIÓN Y MANTENIMIENTO DE MAQUINARIA'),
(479, '33110', 'REPARACIÓN Y MANTENIMIENTO DE PRODUCTOS ELABORADOS DE METAL'),
(480, '45205', 'REPARACIÓN Y RECONSTRUCCIÓN DE VÍAS, STOP Y OTROS ARTÍCULOS DE FIBRA DE VIDRIO'),
(481, '95299', 'REPARACIONES DE ENSERES PERSONALES N.C.P.'),
(482, '45204', 'REPARACIONES DE RADIADORES, ESCAPES Y SILENCIADORES'),
(483, '45209', 'REPARACIONES DE VEHÍCULOS N.C.P.'),
(484, '45202', 'REPARACIONES ELÉCTRICAS DEL AUTOMOTOR Y RECARGA DE BATERÍAS'),
(485, '18200', 'REPRODUCCIÓN DE GRABACIONES'),
(486, '87100', 'RESIDENCIAS DE ANCIANOS CON ATENCIÓN DE ENFERMERÍA'),
(487, '56101', 'RESTAURANTES'),
(488, '13922', 'SACOS, BOLSAS Y OTROS ARTÍCULOS TEXTILES'),
(489, '65199', 'SEGUROS GENERALES DE TODO TIPO'),
(490, '68101', 'SERVICIO DE ALQUILER Y VENTA DE LOTES EN CEMENTERIOS'),
(491, '01633', 'SERVICIO DE BENEFICIADO DE PLANTAS TEXTILES (INCLUYE EL BENEFICIADO CUANDO ESTE ES REALIZADO EN LA MISMA EXPLOTACIÓN AGROPECUARIA)'),
(492, '01632', 'SERVICIO DE BENEFICIO DE CAFÉ'),
(493, '13992', 'SERVICIO DE BORDADOS EN ARTÍCULOS Y PRENDAS DE TELA'),
(494, '85104', 'SERVICIO DE EDUCACIÓN PREESCOLAR Y PRIMARIA INTEGRADA'),
(495, '82929', 'SERVICIO DE ENVASE Y EMPAQUE NCP'),
(496, '56302', 'SERVICIO DE EXPENDIO DE BEBIDAS EN PUESTOS CALLEJEROS, MERCADOS Y FERIAS'),
(497, '56301', 'SERVICIO DE EXPENDIO DE BEBIDAS EN SALONES Y BARES'),
(498, '82190', 'SERVICIO DE FOTOCOPIADO Y SIMILARES, EXCEPTO EN IMPRENTAS'),
(499, '52211', 'SERVICIO DE GARAJE Y ESTACIONAMIENTO'),
(500, '61102', 'SERVICIO DE INTERNET'),
(501, '61109', 'SERVICIO DE INTERNET N.C.P.'),
(502, '81300', 'SERVICIO DE JARDINERÍA'),
(503, '32308', 'SERVICIO DE MAQUILA DE PRODUCTOS DEPORTIVOS'),
(504, '25118', 'SERVICIO DE MAQUILA PARA LA FABRICACIÓN DE ESTRUCTURAS METÁLICAS'),
(505, '23108', 'SERVICIO DE MAQUILADO'),
(506, '10409', 'SERVICIO DE MAQUILADO DE ACEITES'),
(507, '32402', 'SERVICIO DE MAQUILADO DE JUGUETES Y JUEGOS'),
(508, '10628', 'SERVICIO DE MOLIENDA DE MAÍZ HÚMEDO MOLINO PARA NIXTAMAL'),
(509, '10101', 'SERVICIO DE RASTROS Y MATADEROS DE BOVINOS Y PORCINOS'),
(510, '61101', 'SERVICIO DE TELEFONÍA'),
(511, '61103', 'SERVICIO DE TELEFONÍA FIJA'),
(512, '82110', 'SERVICIOS ADMINISTRATIVOS DE OFICINAS'),
(513, '01619', 'SERVICIOS AGRÍCOLAS NCP'),
(514, '63910', 'SERVICIOS DE AGENCIAS DE NOTICIAS'),
(515, '71103', 'SERVICIOS DE AGRIMENSURA, TOPOGRAFÍA, CARTOGRAFÍA, PROSPECCIÓN Y GEOFÍSICA Y SERVICIOS CONEXOS'),
(516, '86901', 'SERVICIOS DE ANÁLISIS Y ESTUDIOS DE DIAGNÓSTICO'),
(517, '85500', 'SERVICIOS DE APOYO A LA ENSEÑANZA'),
(518, '03300', 'SERVICIOS DE APOYO A LA PESCA Y ACUICULTURA'),
(519, '02400', 'SERVICIOS DE APOYO A LA SILVICULTURA'),
(520, '71101', 'SERVICIOS DE ARQUITECTURA Y PLANIFICACIÓN URBANA Y SERVICIOS CONEXOS'),
(521, '10613', 'SERVICIOS DE BENEFICIADO DE PRODUCTOS AGRÍCOLAS NCP (EXCLUYE BENEFICIO DE AZÚCAR RAMA 1072 Y BENEFICIO DE CAFÉ RAMA 0163)'),
(522, '95292', 'SERVICIOS DE CERRAJERÍA Y COPIADO DE LLAVES'),
(523, '56292', 'SERVICIOS DE CONCESIÓN DE CAFETINES Y CHALET EN EMPRESAS E INSTITUCIONES'),
(524, '10105', 'SERVICIOS DE CONSERVACIÓN Y EMPAQUE DE CARNES'),
(525, '01614', 'SERVICIOS DE CONTRATACIÓN DE MANO DE OBRA PARA LA AGRICULTURA'),
(526, '53100', 'SERVICIOS DE CORREO NACIONAL'),
(527, '60100', 'SERVICIOS DE DIFUSIONES DE RADIO'),
(528, '82921', 'SERVICIOS DE ENVASE Y EMPAQUE DE PRODUCTOS ALIMENTICIOS'),
(529, '82922', 'SERVICIOS DE ENVASE Y EMPAQUE DE PRODUCTOS MEDICINALES'),
(530, '71102', 'SERVICIOS DE INGENIERÍA'),
(531, '61202', 'SERVICIOS DE INTERNET INALÁMBRICO'),
(532, '01622', 'SERVICIOS DE MANO DE OBRA PECUARIA'),
(533, '32908', 'SERVICIOS DE MAQUILA NCP'),
(534, '31008', 'SERVICIOS DE MAQUILADO DE MUEBLES'),
(535, '01611', 'SERVICIOS DE MAQUINARIA AGRÍCOLA'),
(536, '10107', 'SERVICIOS DE MOLIENDA DE CARNE'),
(537, '49234', 'SERVICIOS DE MUDANZA'),
(538, '86202', 'SERVICIOS DE ODONTOLOGÍA'),
(539, '56299', 'SERVICIOS DE PREPARACIÓN DE COMIDAS NCP'),
(540, '56291', 'SERVICIOS DE PROVISIÓN DE COMIDAS POR CONTRATO'),
(541, '01613', 'SERVICIOS DE RIEGO'),
(542, '96091', 'SERVICIOS DE SAUNA Y OTROS SERVICIOS PARA LA ESTÉTICA CORPORAL N.C.P.'),
(543, '80100', 'SERVICIOS DE SEGURIDAD PRIVADOS'),
(544, '61209', 'SERVICIOS DE TELECOMUNICACIONES INALÁMBRICO N.C.P.'),
(545, '61201', 'SERVICIOS DE TELEFONÍA CELULAR'),
(546, '60299', 'SERVICIOS DE TELEVISIÓN, INCLUYE TELEVISIÓN POR CABLE'),
(547, '52212', 'SERVICIOS DE TERMINALES PARA EL TRANSPORTE POR VÍA TERRESTRE'),
(548, '49226', 'SERVICIOS DE TRANSPORTE DE PERSONAL'),
(549, '86203', 'SERVICIOS MÉDICOS'),
(550, '96092', 'SERVICIOS N.C.P.'),
(551, '52220', 'SERVICIOS PARA EL TRANSPORTE ACUÁTICO'),
(552, '52230', 'SERVICIOS PARA EL TRANSPORTE AÉREO'),
(553, '52290', 'SERVICIOS PARA EL TRANSPORTE NCP'),
(554, '52219', 'SERVICIOS PARA EL TRANSPORTE POR VÍA TERRESTRE N.C.P.'),
(555, '01629', 'SERVICIOS PECUARIOS NCP'),
(556, '74900', 'SERVICIOS PROFESIONALES Y CIENTÍFICOS NCP'),
(557, '64110', 'SERVICIOS PROVISTOS POR EL BANCO CENTRAL DE EL SALVADOR'),
(558, '18120', 'SERVICIOS RELACIONADOS CON LA IMPRESIÓN'),
(559, '88900', 'SERVICIOS SOCIALES SIN ALOJAMIENTO NCP'),
(560, '02100', 'SILVICULTURA Y OTRAS ACTIVIDADES FORESTALES'),
(561, '35300', 'SUMINISTRO DE VAPOR Y AGUA CALIENTE'),
(562, '61301', 'TELECOMUNICACIONES SATELITALES'),
(563, '43300', 'TERMINACIÓN Y ACABADO DE EDIFICIOS'),
(564, '64922', 'TIPOS DE CRÉDITO NCP'),
(565, '35102', 'TRANSMISIÓN DE ENERGÍA ELÉCTRICA'),
(566, '51100', 'TRANSPORTE AÉREO DE PASAJEROS'),
(567, '49233', 'TRANSPORTE DE CARGA INTERNACIONAL'),
(568, '50120', 'TRANSPORTE DE CARGA MARÍTIMO Y DE CABOTAJE'),
(569, '49120', 'TRANSPORTE DE CARGA POR FERROCARRIL'),
(570, '51201', 'TRANSPORTE DE CARGA POR VÍA AÉREA'),
(571, '50220', 'TRANSPORTE DE CARGA POR VÍAS DE NAVEGACIÓN INTERIORES'),
(572, '49231', 'TRANSPORTE DE CARGA URBANO'),
(573, '49214', 'TRANSPORTE DE PASAJEROS INTERDEPARTAMENTAL MEDIANTE BUSES'),
(574, '49212', 'TRANSPORTE DE PASAJEROS INTERDEPARTAMENTAL MEDIANTE MICROBUSES'),
(575, '50110', 'TRANSPORTE DE PASAJEROS MARÍTIMO Y DE CABOTAJE'),
(576, '49222', 'TRANSPORTE DE PASAJEROS MEDIANTE TAXIS Y AUTOS CON CHOFER'),
(577, '49225', 'TRANSPORTE DE PASAJEROS PARA EXCURSIONES'),
(578, '49229', 'TRANSPORTE DE PASAJEROS POR VÍA TERRESTRE NCP'),
(579, '50211', 'TRANSPORTE DE PASAJEROS POR VÍAS DE NAVEGACIÓN INTERIORES'),
(580, '49211', 'TRANSPORTE DE PASAJEROS URBANOS E INTERURBANO MEDIANTE BUSES'),
(581, '49213', 'TRANSPORTE DE PASAJEROS URBANOS E INTERURBANO MEDIANTE MICROBUSES'),
(582, '49223', 'TRANSPORTE ESCOLAR'),
(583, '49221', 'TRANSPORTE INTERNACIONAL DE PASAJEROS'),
(584, '49110', 'TRANSPORTE INTERURBANO DE PASAJEROS POR FERROCARRIL'),
(585, '49232', 'TRANSPORTE NACIONAL DE CARGA'),
(586, '49300', 'TRANSPORTE POR OLEODUCTO O GASODUCTO'),
(587, '01640', 'TRATAMIENTO DE SEMILLAS PARA LA PROPAGACIÓN'),
(588, '38210', 'TRATAMIENTO Y ELIMINACIÓN DE DESECHOS INICUOS'),
(589, '38220', 'TRATAMIENTO Y ELIMINACIÓN DE DESECHOS PELIGROSOS'),
(590, '25920', 'TRATAMIENTO Y REVESTIMIENTO DE METALES'),
(591, '46100', 'VENTA AL POR MAYOR A CAMBIO DE RETRIBUCIÓN O POR CONTRATA'),
(592, '46391', 'VENTA AL POR MAYOR DE ABARROTES (VINOS, LICORES, PRODUCTOS ALIMENTICIOS ENVASADOS, ETC.)'),
(593, '46393', 'VENTA AL POR MAYOR DE AGUA PURIFICADA'),
(594, '46392', 'VENTA AL POR MAYOR DE AGUAS GASEOSAS'),
(595, '46301', 'VENTA AL POR MAYOR DE ALIMENTOS'),
(596, '46298', 'VENTA AL POR MAYOR DE ANIMALES PORCINOS, OVINOS, CAPRINO, CANÍCULAS, APÍCOLAS, AVÍCOLAS VIVOS'),
(597, '46903', 'VENTA AL POR MAYOR DE ARMAS DE FUEGO, MUNICIONES Y ACCESORIOS'),
(598, '46473', 'VENTA AL POR MAYOR DE ARTÍCULOS DE ALUMINIO PARA EL HOGAR Y PARA OTROS USOS'),
(599, '46494', 'VENTA AL POR MAYOR DE ARTÍCULOS DE BAZAR Y SIMILARES'),
(600, '46632', 'VENTA AL POR MAYOR DE ARTÍCULOS DE FERRETERÍA Y PINTURERÍAS'),
(601, '46417', 'VENTA AL POR MAYOR DE ARTÍCULOS DE MARROQUINERÍA Y TALABARTERÍA'),
(602, '46495', 'VENTA AL POR MAYOR DE ARTÍCULOS DE ÓPTICA'),
(603, '46418', 'VENTA AL POR MAYOR DE ARTÍCULOS DE PELETERÍA'),
(604, '46902', 'VENTA AL POR MAYOR DE ARTÍCULOS DIVERSOS PARA CONSUMO HUMANO'),
(605, '46906', 'VENTA AL POR MAYOR DE ARTÍCULOS PROMOCIONALES DIVERSOS'),
(606, '46412', 'VENTA AL POR MAYOR DE ARTÍCULOS TEXTILES EXCEPTO CONFECCIONES PARA EL HOGAR'),
(607, '46379', 'VENTA AL POR MAYOR DE AZÚCAR'),
(608, '46302', 'VENTA AL POR MAYOR DE BEBIDAS'),
(609, '46500', 'VENTA AL POR MAYOR DE BICICLETAS, PARTES, ACCESORIOS Y OTROS'),
(610, '46293', 'VENTA AL POR MAYOR DE CAFÉ ORO Y UVA'),
(611, '46416', 'VENTA AL POR MAYOR DE CALZADO'),
(612, '46475', 'VENTA AL POR MAYOR DE CÁMARAS FOTOGRÁFICAS, ACCESORIOS Y MATERIALES'),
(613, '46294', 'VENTA AL POR MAYOR DE CAÑA DE AZÚCAR'),
(614, '46373', 'VENTA AL POR MAYOR DE CARNE BOVINA Y PORCINA, PRODUCTOS DE CARNE Y EMBUTIDOS'),
(615, '46395', 'VENTA AL POR MAYOR DE CERVEZA Y LICORES'),
(616, '46901', 'VENTA AL POR MAYOR DE COHETES Y OTROS PRODUCTOS PIROTÉCNICOS'),
(617, '46472', 'VENTA AL POR MAYOR DE COLCHONES, ALMOHADAS, COJINES, ETC.'),
(618, '46612', 'VENTA AL POR MAYOR DE COMBUSTIBLES PARA AUTOMOTORES, AVIONES, BARCOS, MAQUINARIA Y OTROS'),
(619, '46510', 'VENTA AL POR MAYOR DE COMPUTADORAS, EQUIPO PERIFÉRICO Y PROGRAMAS INFORMÁTICOS'),
(620, '46413', 'VENTA AL POR MAYOR DE CONFECCIONES TEXTILES PARA EL HOGAR'),
(621, '46474', 'VENTA AL POR MAYOR DE DEPÓSITOS Y OTROS ARTÍCULOS PLÁSTICOS PARA EL HOGAR Y OTROS USOS, INCLUYENDO LOS DESECHABLES DE DURAPAX Y NO DESECHABLES'),
(622, '46493', 'VENTA AL POR MAYOR DE ELECTRODOMÉSTICOS Y ARTÍCULOS DEL HOGAR EXCEPTO BAZAR, ARTÍCULOS DE ILUMINACIÓN'),
(623, '46499', 'VENTA AL POR MAYOR DE ENSERES DOMÉSTICOS Y DE USO PERSONAL N.C.P.'),
(624, '46595', 'VENTA AL POR MAYOR DE EQUIPAMIENTO PARA USO MÉDICO, ODONTOLÓGICO, VETERINARIO Y SERVICIOS CONEXOS'),
(625, '46520', 'VENTA AL POR MAYOR DE EQUIPOS DE COMUNICACIÓN'),
(626, '46905', 'VENTA AL POR MAYOR DE EXHIBIDORES PUBLICITARIOS Y RÓTULOS'),
(627, '46295', 'VENTA AL POR MAYOR DE FLORES, PLANTAS Y OTROS PRODUCTOS NATURALES'),
(628, '46371', 'VENTA AL POR MAYOR DE FRUTAS, HORTALIZAS (VERDURAS), LEGUMBRES Y TUBÉRCULOS'),
(629, '46297', 'VENTA AL POR MAYOR DE GANADO BOVINO (VIVO)'),
(630, '46614', 'VENTA AL POR MAYOR DE GAS PROPANO'),
(631, '46291', 'VENTA AL POR MAYOR DE GRANOS BÁSICOS (CEREALES, LEGUMINOSAS)'),
(632, '46396', 'VENTA AL POR MAYOR DE HIELO'),
(633, '46411', 'VENTA AL POR MAYOR DE HILADOS, TEJIDOS Y PRODUCTOS TEXTILES DE MERCERÍA'),
(634, '46374', 'VENTA AL POR MAYOR DE HUEVOS'),
(635, '46471', 'VENTA AL POR MAYOR DE INSTRUMENTOS MUSICALES'),
(636, '46615', 'VENTA AL POR MAYOR DE LEÑA Y CARBÓN'),
(637, '46613', 'VENTA AL POR MAYOR DE LUBRICANTES, GRASAS Y OTROS ACEITES PARA AUTOMOTORES, MAQUINARIA INDUSTRIAL, ETC.'),
(638, '46634', 'VENTA AL POR MAYOR DE MADERAS'),
(639, '46591', 'VENTA AL POR MAYOR DE MAQUINARIA EQUIPO, ACCESORIOS Y MATERIALES PARA LA INDUSTRIA DE LA MADERA Y SUS PRODUCTOS'),
(640, '46530', 'VENTA AL POR MAYOR DE MAQUINARIA Y EQUIPO AGROPECUARIO, ACCESORIOS, PARTES Y SUMINISTROS'),
(641, '46598', 'VENTA AL POR MAYOR DE MAQUINARIA, EQUIPO Y ACCESORIOS PARA LA CONSTRUCCIÓN Y EXPLOTACIÓN DE MINAS Y CANTERAS'),
(642, '46593', 'VENTA AL POR MAYOR DE MAQUINARIA, EQUIPO, ACCESORIOS Y MATERIALES PARA LA INDUSTRIA DE PRODUCTOS QUÍMICOS, PLÁSTICO Y CAUCHO'),
(643, '46592', 'VENTA AL POR MAYOR DE MAQUINARIA, EQUIPO, ACCESORIOS Y MATERIALES PARA LA INDUSTRIA GRÁFICA Y DEL PAPEL, CARTÓN Y PRODUCTOS DE PAPEL Y CARTÓN'),
(644, '46594', 'VENTA AL POR MAYOR DE MAQUINARIA, EQUIPO, ACCESORIOS Y MATERIALES PARA LA INDUSTRIA METÁLICA Y DE SUS PRODUCTOS'),
(645, '46596', 'VENTA AL POR MAYOR DE MAQUINARIA, EQUIPO, ACCESORIOS Y PARTES PARA LA INDUSTRIA DE LA ALIMENTACIÓN'),
(646, '46597', 'VENTA AL POR MAYOR DE MAQUINARIA, EQUIPO, ACCESORIOS Y PARTES PARA LA INDUSTRIA TEXTIL, CONFECCIONES Y CUERO'),
(647, '46639', 'VENTA AL POR MAYOR DE MATERIALES PARA LA CONSTRUCCIÓN N.C.P.'),
(648, '46201', 'VENTA AL POR MAYOR DE MATERIAS PRIMAS AGRÍCOLAS'),
(649, '46482', 'VENTA AL POR MAYOR DE MEDICAMENTOS, ARTÍCULOS Y OTROS PRODUCTOS DE USO VETERINARIO'),
(650, '46620', 'VENTA AL POR MAYOR DE METALES Y MINERALES METALÍFEROS'),
(651, '46599', 'VENTA AL POR MAYOR DE OTRO TIPO DE MAQUINARIA Y EQUIPO CON SUS ACCESORIOS Y PARTES'),
(652, '46419', 'VENTA AL POR MAYOR DE OTROS ARTÍCULOS TEXTILES N.C.P.'),
(653, '46610', 'VENTA AL POR MAYOR DE OTROS COMBUSTIBLES SÓLIDOS, LÍQUIDOS, GASEOSOS Y DE PRODUCTOS CONEXOS'),
(654, '46900', 'VENTA AL POR MAYOR DE OTROS PRODUCTOS'),
(655, '46377', 'VENTA AL POR MAYOR DE PASTAS ALIMENTICIAS, ACEITES Y GRASAS COMESTIBLES VEGETAL Y ANIMAL'),
(656, '46372', 'VENTA AL POR MAYOR DE POLLOS, GALLINAS DESTAZADAS, PAVOS Y OTRAS AVES'),
(657, '46414', 'VENTA AL POR MAYOR DE PRENDAS DE VESTIR Y ACCESORIOS DE VESTIR'),
(658, '46296', 'VENTA AL POR MAYOR DE PRODUCTOS AGRÍCOLAS'),
(659, '46202', 'VENTA AL POR MAYOR DE PRODUCTOS DE LA SILVICULTURA'),
(660, '46376', 'VENTA AL POR MAYOR DE PRODUCTOS FARINÁCEOS DE PANADERÍA (PAN DULCE, CAKES, REPOSTERÍA, ETC.)'),
(661, '46693', 'VENTA AL POR MAYOR DE PRODUCTOS INTERMEDIOS Y DESECHOS DE ORIGEN METÁLICO'),
(662, '46696', 'VENTA AL POR MAYOR DE PRODUCTOS INTERMEDIOS Y DESECHOS DE ORIGEN PLÁSTICO'),
(663, '46692', 'VENTA AL POR MAYOR DE PRODUCTOS INTERMEDIOS Y DESECHOS DE ORIGEN TEXTIL'),
(664, '46694', 'VENTA AL POR MAYOR DE PRODUCTOS INTERMEDIOS Y DESECHOS DE PAPEL Y CARTÓN'),
(665, '46699', 'VENTA AL POR MAYOR DE PRODUCTOS INTERMEDIOS Y DESECHOS NCP'),
(666, '46375', 'VENTA AL POR MAYOR DE PRODUCTOS LÁCTEOS'),
(667, '46491', 'VENTA AL POR MAYOR DE PRODUCTOS MEDICINALES, COSMÉTICOS, PERFUMERÍA Y PRODUCTOS DE LIMPIEZA'),
(668, '46203', 'VENTA AL POR MAYOR DE PRODUCTOS PECUARIOS Y DE GRANJA'),
(669, '46498', 'VENTA AL POR MAYOR DE PRODUCTOS USADOS PARA EL HOGAR O EL USO PERSONAL'),
(670, '46483', 'VENTA AL POR MAYOR DE PRODUCTOS Y ARTÍCULOS DE BELLEZA Y DE USO PERSONAL'),
(671, '46631', 'VENTA AL POR MAYOR DE PUERTAS, VENTANAS, VITRINAS Y SIMILARES'),
(672, '46394', 'VENTA AL POR MAYOR DE REFRESCOS Y OTRAS BEBIDAS, LÍQUIDAS O EN POLVO'),
(673, '46492', 'VENTA AL POR MAYOR DE RELOJES Y ARTÍCULOS DE JOYERÍA'),
(674, '46496', 'VENTA AL POR MAYOR DE REVISTAS, PERIÓDICOS, LIBROS, ARTÍCULOS DE LIBRERÍA Y ARTÍCULOS DE PAPEL Y CARTÓN EN GENERAL'),
(675, '46415', 'VENTA AL POR MAYOR DE ROPA USADA'),
(676, '46378', 'VENTA AL POR MAYOR DE SAL COMESTIBLE'),
(677, '46691', 'VENTA AL POR MAYOR DE SAL INDUSTRIAL SIN YODAR'),
(678, '46292', 'VENTA AL POR MAYOR DE SEMILLAS MEJORADAS PARA CULTIVO'),
(679, '46303', 'VENTA AL POR MAYOR DE TABACO'),
(680, '46697', 'VENTA AL POR MAYOR DE TINTAS PARA IMPRENTA, PRODUCTOS CURTIENTES Y MATERIAS Y PRODUCTOS COLORANTES'),
(681, '46904', 'VENTA AL POR MAYOR DE TOLDOS Y TIENDAS DE CAMPAÑA DE CUALQUIER MATERIAL'),
(682, '46695', 'VENTA AL POR MAYOR FERTILIZANTES, ABONOS, AGROQUÍMICOS Y PRODUCTOS SIMILARES'),
(683, '47219', 'VENTA AL POR MENOR DE ALIMENTOS N.C.P.'),
(684, '47891', 'VENTA AL POR MENOR DE ANIMALES, FLORES Y PRODUCTOS CONEXOS EN PUESTOS DE FERIA Y MERCADOS'),
(685, '47593', 'VENTA AL POR MENOR DE APARATOS ELECTRODOMÉSTICOS, REPUESTOS Y ACCESORIOS'),
(686, '47736', 'VENTA AL POR MENOR DE ARMAS DE FUEGO, MUNICIONES Y ACCESORIOS'),
(687, '47734', 'VENTA AL POR MENOR DE ARTESANÍAS, ARTÍCULOS CERÁMICOS Y RECUERDOS EN GENERAL'),
(688, '47592', 'VENTA AL POR MENOR DE ARTÍCULOS DE BAZAR'),
(689, '47893', 'VENTA AL POR MENOR DE ARTÍCULOS DE BAZAR EN PUESTOS DE FERIAS Y MERCADOS'),
(690, '47737', 'VENTA AL POR MENOR DE ARTÍCULOS DE COHETERÍA Y PIROTÉCNICOS'),
(691, '47522', 'VENTA AL POR MENOR DE ARTÍCULOS DE FERRETERÍA'),
(692, '47827', 'VENTA AL POR MENOR DE ARTÍCULOS DE MARROQUINERÍA Y TALABARTERÍA EN PUESTOS DE MERCADOS Y FERIAS'),
(693, '47894', 'VENTA AL POR MENOR DE ARTÍCULOS DE PAPEL, ENVASES, LIBROS, REVISTAS Y CONEXOS EN PUESTOS DE FERIA Y MERCADOS'),
(694, '47713', 'VENTA AL POR MENOR DE ARTÍCULOS DE PELETERÍA, MARROQUINERÍA Y TALABARTERÍA'),
(695, '47738', 'VENTA AL POR MENOR DE ARTÍCULOS DESECHABLES DE USO PERSONAL Y DOMÉSTICO (SERVILLETAS, PAPEL HIGIÉNICO, PAÑALES, TOALLAS SANITARIAS, ETC.)'),
(696, '47594', 'VENTA AL POR MENOR DE ARTÍCULOS ELÉCTRICOS Y DE ILUMINACIÓN'),
(697, '47822', 'VENTA AL POR MENOR DE ARTÍCULOS TEXTILES EXCEPTO CONFECCIONES PARA EL HOGAR EN PUESTOS DE MERCADOS Y FERIAS'),
(698, '47829', 'VENTA AL POR MENOR DE ARTÍCULOS TEXTILES NCP EN PUESTOS DE MERCADOS Y FERIAS'),
(699, '47741', 'VENTA AL POR MENOR DE ARTÍCULOS USADOS'),
(700, '47735', 'VENTA AL POR MENOR DE ATAÚDES, LÁPIDAS Y CRUCES, TROFEOS, ARTÍCULOS RELIGIOSOS EN GENERAL'),
(701, '47816', 'VENTA AL POR MENOR DE BEBIDAS'),
(702, '47631', 'VENTA AL POR MENOR DE BICICLETAS, ACCESORIOS Y REPUESTOS'),
(703, '47712', 'VENTA AL POR MENOR DE CALZADO'),
(704, '47826', 'VENTA AL POR MENOR DE CALZADO, ARTÍCULOS DE MARROQUINERÍA Y TALABARTERÍA EN PUESTOS DE MERCADOS Y FERIAS'),
(705, '47217', 'VENTA AL POR MENOR DE CARNES Y PRODUCTOS CÁRNICOS'),
(706, '47212', 'VENTA AL POR MENOR DE CARNES, EMBUTIDOS Y PRODUCTOS DE GRANJA'),
(707, '47733', 'VENTA AL POR MENOR DE COMBUSTIBLES DE USO DOMÉSTICO (GAS PROPANO Y GAS LICUADO)'),
(708, '47411', 'VENTA AL POR MENOR DE COMPUTADORAS Y EQUIPO PERIFÉRICO'),
(709, '47823', 'VENTA AL POR MENOR DE CONFECCIONES TEXTILES PARA EL HOGAR EN PUESTOS DE MERCADOS Y FERIAS'),
(710, '47620', 'VENTA AL POR MENOR DE DISCOS LÁSER, CASSETTES, CINTAS DE VIDEO Y OTROS'),
(711, '47420', 'VENTA AL POR MENOR DE EQUIPO DE AUDIO Y VIDEO'),
(712, '47896', 'VENTA AL POR MENOR DE EQUIPOS ACCESORIOS PARA LAS COMUNICACIONES EN PUESTOS DE FERIA Y MERCADOS'),
(713, '47211', 'VENTA AL POR MENOR DE FRUTAS Y HORTALIZAS'),
(714, '47811', 'VENTA AL POR MENOR DE FRUTAS, VERDURAS Y HORTALIZAS'),
(715, '47218', 'VENTA AL POR MENOR DE GRANOS BÁSICOS Y OTROS'),
(716, '47221', 'VENTA AL POR MENOR DE HIELO'),
(717, '47821', 'VENTA AL POR MENOR DE HILADOS, TEJIDOS Y PRODUCTOS TEXTILES DE MERCERÍA EN PUESTOS DE MERCADOS Y FERIAS'),
(718, '47510', 'VENTA AL POR MENOR DE HILADOS, TEJIDOS Y PRODUCTOS TEXTILES DE MERCERÍA, CONFECCIONES PARA EL HOGAR Y TEXTILES N.C.P.'),
(719, '47216', 'VENTA AL POR MENOR DE HUEVOS'),
(720, '47598', 'VENTA AL POR MENOR DE INSTRUMENTOS MUSICALES'),
(721, '47640', 'VENTA AL POR MENOR DE JUEGOS Y JUGUETES EN COMERCIOS ESPECIALIZADOS'),
(722, '47610', 'VENTA AL POR MENOR DE LIBROS, PERIÓDICOS Y ARTÍCULOS DE PAPELERÍA EN COMERCIOS ESPECIALIZADOS'),
(723, '47743', 'VENTA AL POR MENOR DE LIBROS, REVISTAS, PAPEL Y CARTÓN USADOS'),
(724, '47529', 'VENTA AL POR MENOR DE MATERIALES DE CONSTRUCCIÓN Y ARTÍCULOS CONEXOS'),
(725, '47895', 'VENTA AL POR MENOR DE MATERIALES DE CONSTRUCCIÓN, ELECTRODOMÉSTICOS, ACCESORIOS PARA AUTOS Y SIMILARES EN PUESTOS DE FERIA Y MERCADOS'),
(726, '47721', 'VENTA AL POR MENOR DE MEDICAMENTOS FARMACÉUTICOS Y OTROS MATERIALES Y ARTÍCULOS DE USO MÉDICO, ODONTOLÓGICO Y VETERINARIO'),
(727, '47591', 'VENTA AL POR MENOR DE MUEBLES'),
(728, '47190', 'VENTA AL POR MENOR DE OTROS PRODUCTOS EN COMERCIOS NO ESPECIALIZADOS'),
(729, '47739', 'VENTA AL POR MENOR DE OTROS PRODUCTOS N.C.P.'),
(730, '47213', 'VENTA AL POR MENOR DE PESCADO Y MARISCOS');
INSERT INTO `tblcatalogodeactividades` (`IDActividad`, `CodigoActividad`, `DescripcionActividad`) VALUES
(731, '47732', 'VENTA AL POR MENOR DE PLANTAS, SEMILLAS, ANIMALES Y ARTÍCULOS CONEXOS'),
(732, '47711', 'VENTA AL POR MENOR DE PRENDAS DE VESTIR Y ACCESORIOS DE VESTIR'),
(733, '47824', 'VENTA AL POR MENOR DE PRENDAS DE VESTIR, ACCESORIOS DE VESTIR Y SIMILARES EN PUESTOS DE MERCADOS Y FERIAS'),
(734, '47722', 'VENTA AL POR MENOR DE PRODUCTOS COSMÉTICOS Y DE TOCADOR'),
(735, '47731', 'VENTA AL POR MENOR DE PRODUCTOS DE JOYERÍA, BISUTERÍA, ÓPTICA, RELOJERÍA'),
(736, '47521', 'VENTA AL POR MENOR DE PRODUCTOS DE MADERA'),
(737, '47815', 'VENTA AL POR MENOR DE PRODUCTOS DE PANADERÍA, GALLETAS Y SIMILARES'),
(738, '47215', 'VENTA AL POR MENOR DE PRODUCTOS DE PANADERÍA, REPOSTERÍA Y GALLETAS'),
(739, '47523', 'VENTA AL POR MENOR DE PRODUCTOS DE PINTURERÍAS'),
(740, '47214', 'VENTA AL POR MENOR DE PRODUCTOS LÁCTEOS'),
(741, '47814', 'VENTA AL POR MENOR DE PRODUCTOS LÁCTEOS'),
(742, '47892', 'VENTA AL POR MENOR DE PRODUCTOS MEDICINALES, COSMÉTICOS, DE TOCADOR Y DE LIMPIEZA EN PUESTOS DE FERIAS Y MERCADOS'),
(743, '47749', 'VENTA AL POR MENOR DE PRODUCTOS USADOS N.C.P.'),
(744, '47630', 'VENTA AL POR MENOR DE PRODUCTOS Y EQUIPOS DE DEPORTE'),
(745, '47825', 'VENTA AL POR MENOR DE ROPA USADA'),
(746, '47230', 'VENTA AL POR MENOR DE TABACO'),
(747, '47530', 'VENTA AL POR MENOR DE TAPICES, ALFOMBRAS Y REVESTIMIENTOS DE PAREDES Y PISOS EN COMERCIOS ESPECIALIZADOS'),
(748, '47742', 'VENTA AL POR MENOR DE TEXTILES Y CONFECCIONES USADOS'),
(749, '47899', 'VENTA AL POR MENOR EN PUESTOS DE FERIAS Y MERCADOS N.C.P.'),
(750, '47818', 'VENTA AL POR MENOR EN TIENDAS DE MERCADO Y PUESTOS'),
(751, '47524', 'VENTA AL POR MENOR EN VIDRIERÍAS'),
(752, '47910', 'VENTA AL POR MENOR POR CORREO O INTERNET'),
(753, '46701', 'VENTA DE ALGODÓN EN ORO'),
(754, '46497', 'VENTA DE ARTÍCULOS DEPORTIVOS, JUGUETES Y RODADOS'),
(755, '47225', 'VENTA DE BEBIDAS ALCOHÓLICAS PARA SU CONSUMO DENTRO DEL ESTABLECIMIENTO'),
(756, '47224', 'VENTA DE BEBIDAS ALCOHÓLICAS, PARA SU CONSUMO FUERA DEL ESTABLECIMIENTO'),
(757, '47223', 'VENTA DE BEBIDAS NO ALCOHÓLICAS, PARA SU CONSUMO FUERA DEL ESTABLECIMIENTO'),
(758, '47300', 'VENTA DE COMBUSTIBLES, LUBRICANTES Y OTROS (GASOLINERAS)'),
(759, '47412', 'VENTA DE EQUIPO Y ACCESORIOS DE TELECOMUNICACIÓN'),
(760, '46590', 'VENTA DE EQUIPOS E INSTRUMENTOS DE USO PROFESIONAL Y CIENTÍFICO Y APARATOS DE MEDIDA Y CONTROL'),
(761, '47199', 'VENTA DE ESTABLECIMIENTOS NO ESPECIALIZADOS CON SURTIDO COMPUESTO PRINCIPALMENTE DE ALIMENTOS, BEBIDAS Y TABACO'),
(762, '45401', 'VENTA DE MOTOCICLETAS'),
(763, '46299', 'VENTA DE OTRAS ESPECIES VIVAS DEL REINO ANIMAL'),
(764, '45301', 'VENTA DE PARTES, PIEZAS Y ACCESORIOS NUEVOS PARA VEHÍCULOS AUTOMOTORES'),
(765, '45302', 'VENTA DE PARTES, PIEZAS Y ACCESORIOS USADOS PARA VEHÍCULOS AUTOMOTORES'),
(766, '46484', 'VENTA DE PRODUCTOS FARMACÉUTICOS Y MEDICINALES'),
(767, '46698', 'VENTA DE PRODUCTOS INTERMEDIOS Y DESECHOS DE ORIGEN QUÍMICO Y DE CAUCHO'),
(768, '46211', 'VENTA DE PRODUCTOS PARA USO AGROPECUARIO'),
(769, '45402', 'VENTA DE REPUESTOS, PIEZAS Y ACCESORIOS DE MOTOCICLETAS'),
(770, '45100', 'VENTA DE VEHÍCULOS AUTOMOTORES'),
(771, '47111', 'VENTA EN SUPERMERCADOS'),
(772, '47112', 'VENTA EN TIENDAS DE ARTÍCULOS DE PRIMERA NECESIDAD'),
(773, '46633', 'VIDRIERÍAS');

-- --------------------------------------------------------

--
-- Estructura de tabla para la tabla `tblcontribuyentes`
--

CREATE TABLE `tblcontribuyentes` (
  `UUIDContribuyente` bigint(20) UNSIGNED NOT NULL,
  `IDActividad` varchar(10) NOT NULL,
  `CodEstable` varchar(10) NOT NULL,
  `Correo` varchar(150) NOT NULL,
  `NIT` varchar(20) NOT NULL,
  `RazonSocial` varchar(200) DEFAULT NULL,
  `NombreComercial` varchar(100) NOT NULL,
  `UltimoNumFactura` int(11) NOT NULL DEFAULT 0,
  `UltimoNumCreditoFiscal` int(11) NOT NULL DEFAULT 0,
  `UltimoNumNotaDeCredito` int(11) NOT NULL DEFAULT 0,
  `UltimoNumSujetoExcluido` int(11) NOT NULL DEFAULT 0,
  `URLFirmador` text DEFAULT NULL,
  `URLAutenticacion` text DEFAULT NULL,
  `URLRecepcion` text DEFAULT NULL,
  `ClavePrivada` varchar(200) DEFAULT NULL,
  `ClavePublica` varchar(200) DEFAULT NULL,
  `ClaveAPI` varchar(200) DEFAULT NULL,
  `URLRecepcionLOTE` text DEFAULT NULL,
  `URLConsultarDTE` text DEFAULT NULL,
  `URLContingencia` text DEFAULT NULL,
  `URLAnularDTE` text DEFAULT NULL,
  `AmbienteDTE` enum('00','01') NOT NULL,
  `TipoEstablecimiento` varchar(10) DEFAULT NULL,
  `NRC` varchar(20) NOT NULL,
  `Telefono` varchar(20) NOT NULL,
  `DireccionComplemento` varchar(255) NOT NULL,
  `DireccionDepartamento` varchar(5) NOT NULL,
  `DireccionMunicipio` varchar(5) NOT NULL,
  `FechaRegistro` timestamp NOT NULL DEFAULT current_timestamp(),
  `UsuarioRegistro` varchar(100) DEFAULT NULL,
  `TrasmiteElectronica` tinyint(1) NOT NULL DEFAULT 0,
  `idcurrency` varchar(3) NOT NULL
) ENGINE=InnoDB DEFAULT CHARSET=utf8mb4 COLLATE=utf8mb4_unicode_ci;

--
-- Volcado de datos para la tabla `tblcontribuyentes`
--

INSERT INTO `tblcontribuyentes` (`UUIDContribuyente`, `IDActividad`, `CodEstable`, `Correo`, `NIT`, `RazonSocial`, `NombreComercial`, `UltimoNumFactura`, `UltimoNumCreditoFiscal`, `UltimoNumNotaDeCredito`, `UltimoNumSujetoExcluido`, `URLFirmador`, `URLAutenticacion`, `URLRecepcion`, `ClavePrivada`, `ClavePublica`, `ClaveAPI`, `URLRecepcionLOTE`, `URLConsultarDTE`, `URLContingencia`, `URLAnularDTE`, `AmbienteDTE`, `TipoEstablecimiento`, `NRC`, `Telefono`, `DireccionComplemento`, `DireccionDepartamento`, `DireccionMunicipio`, `FechaRegistro`, `UsuarioRegistro`, `TrasmiteElectronica`, `idcurrency`) VALUES
(1, '771', 'CM01', 'facturacionelectronica@grupobenavides.com', '12171309861013', 'Edwin Antonio Coto Benavides', 'Benamax', 0, 0, 0, 0, 'http://localhost:8114/firmardocumento/', 'https://api.dtes.mh.gob.sv/seguridad/auth', 'https://api.dtes.mh.gob.sv/fesv/recepciondte', '848600Coto*', 'Jc2828permiso*', 'API8486*', 'https://api.dtes.mh.gob.sv/fesv/recepcionlote/', 'https://api.dtes.mh.gob.sv/fesv/recepcion/consultadte/', 'https://api.dtes.mh.gob.sv/fesv/contingencia', 'https://api.dtes.mh.gob.sv/fesv/anulardte', '00', '01', '1757811', '76973748', 'CASERIO LA GOLONDRINA', '12', '12', '2025-08-28 14:43:19', 'Antonio Hernandez', 0, '4'),
(2, '402', 'ST02', 'contacto@cafeterialasmargaritas.com', '06141302098765', 'Cafetería Las Margaritas S.A. de C.V.', 'Las Margaritas', 125, 80, 5, 12, 'http://localhost:8114/firmardocumento/', 'https://api.dtes.mh.gob.sv/seguridad/auth', 'https://api.dtes.mh.gob.sv/fesv/recepciondte', 'ClavePrivadaFake*', 'ClavePublicaFake*', 'APIKeyDemo123*', 'https://api.dtes.mh.gob.sv/fesv/recepcionlote/', 'https://api.dtes.mh.gob.sv/fesv/recepcion/consultadte/', 'https://api.dtes.mh.gob.sv/fesv/contingencia', 'https://api.dtes.mh.gob.sv/fesv/anulardte', '01', '02', '987654-3', '22334455', 'Avenida Siempre Viva #123, Col. Centro', '06', '03', '2025-09-01 21:25:00', 'Maria Lopez', 1, '4');

-- --------------------------------------------------------

--
-- Estructura de tabla para la tabla `tblcontribuyentescategorias`
--

CREATE TABLE `tblcontribuyentescategorias` (
  `IDCategoria` bigint(20) UNSIGNED NOT NULL,
  `UUIDContribuyente` char(36) NOT NULL,
  `Categoria` varchar(150) NOT NULL
) ENGINE=InnoDB DEFAULT CHARSET=latin1 COLLATE=latin1_swedish_ci;

--
-- Volcado de datos para la tabla `tblcontribuyentescategorias`
--

INSERT INTO `tblcontribuyentescategorias` (`IDCategoria`, `UUIDContribuyente`, `Categoria`) VALUES
(18, '1', 'Alimentoss'),
(2, '1', 'Automotriz'),
(21, '1', 'Carnes'),
(24, '1', 'Cuidado Personal'),
(26, '1', 'Electr??nicos'),
(22, '1', 'Frutas y Verduras'),
(29, '1', 'Herramientas'),
(31, '1', 'Hogar y Decoraci??n'),
(27, '1', 'Juguetes'),
(19, '1', 'L?ícteos'),
(23, '1', 'Limpieza'),
(25, '1', 'Medicamentos'),
(20, '1', 'Panader?¡a'),
(30, '1', 'Papeler?¡a'),
(28, '1', 'Ropa'),
(1, '2', 'Bebidas');

-- --------------------------------------------------------

--
-- Estructura de tabla para la tabla `tblcontribuyentesproductos`
--

CREATE TABLE `tblcontribuyentesproductos` (
  `UUIDProducto` bigint(20) UNSIGNED NOT NULL,
  `UUIDContribuyente` char(36) NOT NULL,
  `CodigoDeBarras` varchar(20) NOT NULL,
  `Descripcion` varchar(255) NOT NULL,
  `Existencias` varchar(11) NOT NULL DEFAULT '0',
  `PrecioVenta` decimal(10,2) NOT NULL,
  `CostoCompra` decimal(10,2) NOT NULL,
  `IDCategoria` int(11) NOT NULL,
  `cantidadminima` int(11) NOT NULL,
  `preciodescuento` varchar(11) NOT NULL,
  `ventafracciones` int(1) NOT NULL
) ENGINE=InnoDB DEFAULT CHARSET=latin1 COLLATE=latin1_swedish_ci;

--
-- Volcado de datos para la tabla `tblcontribuyentesproductos`
--

INSERT INTO `tblcontribuyentesproductos` (`UUIDProducto`, `UUIDContribuyente`, `CodigoDeBarras`, `Descripcion`, `Existencias`, `PrecioVenta`, `CostoCompra`, `IDCategoria`, `cantidadminima`, `preciodescuento`, `ventafracciones`) VALUES
(1, '1', '7478145845855', 'COCA COLA 2.5 LITROS', '100', 1.50, 1.00, 1, 0, '2.95', 1),
(2, '1', '7478145845856', 'PEPSI COLA 2 LITROS', '15', 4.50, 2.25, 1, 0, '0', 0),
(3, '1', '7478145845857', 'SPRITE 1.5 LITROS', '20', 3.75, 1.85, 1, 0, '0', 0),
(4, '1', '7478145845858', 'FANTA NARANJA 2 LITROS', '12', 4.25, 2.10, 1, 0, '0', 0),
(5, '1', '7478145845859', 'AGUA PURA 1 LITRO', '50', 1.00, 0.50, 1, 0, '0', 0),
(6, '1', '7478145845860', 'JUGO DE NARANJA 1 LITRO', '25', 2.50, 1.25, 1, 0, '0', 0),
(7, '1', '7478145845861', 'CERVEZA PILSENER 355ML', '100', 1.25, 0.75, 1, 0, '0', 0),
(8, '1', '7478145845862', 'REDBULL 250ML', '30', 2.00, 1.20, 1, 0, '0', 0),
(9, '1', '7478145845863', 'CAF?ë INSTANT?üNEO 200G', '40', 5.50, 3.25, 1, 0, '0', 0),
(10, '1', '7478145845864', 'ARROZ BLANCO 1 LIBRA', '80', 1.50, 0.85, 18, 0, '0', 0),
(11, '1', '7478145845865', 'FRIJOLES ROJOS 1 LIBRA', '60', 2.00, 1.20, 18, 0, '0', 0),
(13, '1', '7478145845867', 'AZ?ÜCAR BLANCA 1 LIBRA', '70', 1.25, 0.75, 18, 0, '0', 0),
(14, '1', '7478145845868', 'SAL DE MESA 1 LIBRA', '90', 0.75, 0.40, 18, 0, '0', 0),
(15, '1', '7478145845869', 'PASTA ESPAGUETI 1 LIBRA', '45', 1.75, 1.00, 18, 0, '0', 0),
(16, '1', '7478145845870', 'AT?ÜN EN LATA 185G', '55', 2.25, 1.35, 18, 0, '0', 0),
(17, '1', '7478145845871', 'SARDINAS EN LATA 155G', '40', 1.50, 0.90, 18, 0, '0', 0),
(18, '1', '7478145845872', 'LECHE ENTERA 1 LITRO', '25', 2.75, 1.65, 19, 0, '0', 0),
(19, '1', '7478145845873', 'QUESO FRESCO 1 LIBRA', '20', 4.50, 2.70, 19, 0, '0', 0),
(20, '1', '7478145845874', 'YOGURT NATURAL 1 LITRO', '18', 3.25, 1.95, 19, 0, '0', 0),
(21, '1', '7478145845875', 'MANTEQUILLA 250G', '30', 3.75, 2.25, 19, 0, '0', 0),
(22, '1', '7478145845876', 'CREMA DULCE 250ML', '22', 2.50, 1.50, 19, 0, '0', 0),
(23, '1', '7478145845877', 'QUESO AMARILLO 8 TAJADAS', '35', 2.25, 1.35, 19, 0, '0', 0),
(24, '1', '7478145845878', 'PAN FRANC?ëS UNIDAD', '100', 0.25, 0.15, 20, 0, '0', 0),
(25, '1', '7478145845879', 'PAN DULCE UNIDAD', '80', 0.50, 0.30, 20, 0, '0', 0),
(26, '1', '7478145845880', 'TORTILLAS 10 UNIDADES', '60', 1.00, 0.60, 20, 0, '0', 0),
(27, '1', '7478145845881', 'PASTEL CHOCOLATE REBANADA', '15', 2.50, 1.50, 20, 0, '0', 0),
(28, '1', '7478145845882', 'GALLETAS MAR?ìA PAQUETE', '40', 1.25, 0.75, 20, 0, '0', 0),
(29, '1', '7478145845883', 'POLLO ENTERO 1 LIBRA', '25', 3.50, 2.10, 21, 0, '0', 0),
(30, '1', '7478145845884', 'CARNE DE RES 1 LIBRA', '20', 5.75, 3.45, 21, 0, '0', 0),
(31, '1', '7478145845885', 'CERDO 1 LIBRA', '18', 4.25, 2.55, 21, 0, '0', 0),
(32, '1', '7478145845886', 'CHORIZO 1 LIBRA', '30', 3.75, 2.25, 21, 0, '0', 0),
(33, '1', '7478145845887', 'JAM?ôN REBANADO 1 LIBRA', '15', 6.50, 3.90, 21, 0, '0', 0),
(34, '1', '7478145845888', 'PL?üTANO 1 LIBRA', '50', 1.00, 0.60, 22, 0, '0', 0),
(35, '1', '7478145845889', 'MANZANA 1 LIBRA', '40', 2.25, 1.35, 22, 0, '0', 0),
(36, '1', '7478145845890', 'NARANJA 1 LIBRA', '45', 1.50, 0.90, 22, 0, '0', 0),
(37, '1', '7478145845891', 'TOMATE 1 LIBRA', '35', 1.75, 1.05, 22, 0, '0', 0),
(38, '1', '7478145845892', 'CEBOLLA 1 LIBRA', '40', 1.25, 0.75, 22, 0, '0', 0),
(39, '1', '7478145845893', 'PAPA 1 LIBRA', '60', 1.00, 0.60, 22, 0, '0', 0),
(40, '1', '7478145845894', 'ZANAHORIA 1 LIBRA', '30', 1.50, 0.90, 22, 0, '0', 0),
(41, '1', '7478145845895', 'DETERGENTE EN POLVO 1KG', '25', 4.50, 2.70, 23, 0, '0', 0),
(42, '1', '7478145845896', 'JAB?ôN DE BA?æO UNIDAD', '60', 1.25, 0.75, 23, 0, '0', 0),
(43, '1', '7478145845897', 'CLORO 1 LITRO', '35', 2.00, 1.20, 23, 0, '0', 0),
(44, '1', '7478145845898', 'DESINFECTANTE 1 LITRO', '30', 3.25, 1.95, 23, 0, '0', 0),
(45, '1', '7478145845899', 'PAPEL HIGI?ëNICO 4 ROLLOS', '40', 3.75, 2.25, 23, 0, '0', 0),
(46, '1', '7478145845900', 'CHAMP?Ü 400ML', '25', 4.25, 2.55, 24, 0, '0', 0),
(47, '1', '7478145845901', 'PASTA DENTAL 100G', '45', 2.50, 1.50, 24, 0, '0', 0),
(48, '1', '7478145845902', 'DESODORANTE 150ML', '30', 3.75, 2.25, 24, 0, '0', 0),
(49, '1', '7478145845903', 'CREMA CORPORAL 250ML', '20', 5.50, 3.30, 24, 0, '0', 0),
(50, '1', '7478145845904', 'CEPILLO DE DIENTES', '50', 1.75, 1.05, 24, 0, '0', 0),
(51, '1', '7478145845905', 'ACETAMINOFÉN 500MG 10 TABLETAS', '40', 2.25, 1.35, 25, 0, '0', 0),
(52, '1', '7478145845906', 'IBUPROFENO 400MG 10 TABLETAS', '35', 3.50, 2.10, 25, 0, '0', 0),
(53, '1', '7478145845907', 'VITAMINA C 500MG 30 TABLETAS', '25', 8.75, 5.25, 25, 0, '0', 0),
(54, '1', '7478145845908', 'JARABE PARA TOS 120ML', '20', 6.25, 3.75, 25, 0, '0', 0),
(55, '1', '7478145845909', 'CABLE USB TIPO C', '30', 5.50, 3.30, 26, 0, '0', 0),
(56, '1', '7478145845910', 'AUD?ìFONOS B?üSICOS', '25', 12.50, 7.50, 26, 0, '0', 0),
(57, '1', '7478145845911', 'CARGADOR DE CELULAR', '20', 8.75, 5.25, 26, 0, '0', 0),
(58, '1', '7478145845912', 'MEMORIA USB 16GB', '15', 15.00, 9.00, 26, 0, '0', 0),
(59, '1', '7478145845913', 'PELOTA DE F?ÜTBOL', '12', 18.50, 11.10, 27, 0, '0', 0),
(60, '1', '7478145845914', 'MU?æECA B?üSICA', '15', 25.00, 15.00, 27, 0, '0', 0),
(61, '1', '7478145845915', 'CARRITO DE JUGUETE', '18', 12.75, 7.65, 27, 0, '0', 0),
(62, '1', '7478145845916', 'ROMPECABEZAS 100 PIEZAS', '10', 8.50, 5.10, 27, 0, '0', 0),
(63, '1', '7478145845917', 'CAMISETA B?üSICA TALLA M', '20', 8.50, 5.10, 28, 0, '0', 0),
(64, '1', '7478145845918', 'PANTAL?ôN JEAN TALLA 32', '15', 25.00, 15.00, 28, 0, '0', 0),
(65, '1', '7478145845919', 'CALCETINES PAR', '40', 2.50, 1.50, 28, 0, '0', 0),
(66, '1', '7478145845920', 'GORRA DEPORTIVA', '25', 6.75, 4.05, 28, 0, '0', 0),
(67, '1', '7478145845921', 'MARTILLO B?üSICO', '10', 12.50, 7.50, 29, 0, '0', 0),
(68, '1', '7478145845922', 'DESTORNILLADOR PLANO', '20', 3.75, 2.25, 29, 0, '0', 0),
(69, '1', '7478145845923', 'ALICATE B?üSICO', '15', 8.25, 4.95, 29, 0, '0', 0),
(70, '1', '7478145845924', 'CINTA M?ëTRICA 3M', '12', 5.50, 3.30, 29, 0, '0', 0),
(71, '1', '7478145845925', 'CUADERNO 100 HOJAS', '30', 2.25, 1.35, 30, 0, '0', 0),
(72, '1', '7478145845926', 'BOL?ìGRAFO AZUL', '60', 0.50, 0.30, 30, 0, '0', 0),
(73, '1', '7478145845927', 'L?üPIZ HB', '80', 0.25, 0.15, 30, 0, '0', 0),
(74, '1', '7478145845928', 'BORRADOR BLANCO', '50', 0.75, 0.45, 30, 0, '0', 0),
(75, '1', '7478145845929', 'REGLA 30CM', '25', 1.50, 0.90, 30, 0, '0', 0),
(76, '1', '7478145845930', 'VELA AROM?üTICA', '20', 4.25, 2.55, 31, 0, '0', 0),
(77, '1', '7478145845931', 'FLORERO PEQUE?æO', '12', 8.75, 5.25, 31, 0, '0', 0),
(78, '1', '7478145845932', 'COJ?ìN DECORATIVO', '15', 12.50, 7.50, 31, 0, '0', 0),
(79, '1', '7478145845933', 'MARCO PARA FOTO 10X15', '18', 6.25, 3.75, 31, 0, '0', 0),
(80, '1', '7478145845934', 'GALLETAS SALADAS PAQUETE', '35', 1.75, 1.05, 18, 0, '0', 0),
(81, '1', '7478145845935', 'MERMELADA FRESA 250G', '28', 3.25, 1.95, 18, 0, '0', 0),
(82, '1', '7478145845936', 'MIEL DE ABEJA 250ML', '15', 6.50, 3.90, 18, 0, '0', 0),
(83, '1', '7478145845937', 'VINAGRE BLANCO 500ML', '40', 1.25, 0.75, 18, 0, '0', 0),
(84, '1', '7478145845938', 'MAYONESA 250G', '32', 2.75, 1.65, 18, 0, '0', 0),
(85, '1', '7478145845939', 'KETCHUP 250G', '30', 2.50, 1.50, 18, 0, '0', 0),
(86, '1', '7478145845940', 'MOSTAZA 200G', '25', 2.25, 1.35, 18, 0, '0', 0),
(87, '1', '7478145845941', 'SALSA INGLESA 150ML', '20', 3.75, 2.25, 18, 0, '0', 0),
(88, '1', '7478145845942', 'CONSOM?ë DE POLLO 12 CUBOS', '45', 1.50, 0.90, 18, 0, '0', 0),
(89, '1', '7478145845943', 'GELATINA SABOR FRESA', '50', 0.75, 0.45, 18, 0, '0', 0),
(90, '1', '7478145845944', 'AVENA EN HOJUELAS 500G', '25', 2.75, 1.65, 18, 0, '0', 0),
(91, '1', '7478145845945', 'CEREAL CORN FLAKES 350G', '20', 4.50, 2.70, 18, 0, '0', 0),
(92, '1', '7478145845946', 'LECHE CONDENSADA 397G', '18', 3.25, 1.95, 19, 0, '0', 0),
(93, '1', '7478145845947', 'LECHE EVAPORADA 410G', '22', 2.75, 1.65, 19, 0, '0', 0),
(94, '1', '7478145845948', 'QUESO CREMA 200G', '15', 4.25, 2.55, 19, 0, '0', 0),
(95, '1', '7478145845949', 'HUEVOS DOCENA', '40', 3.50, 2.10, 19, 0, '0', 0),
(96, '1', '7478145845950', 'MARGARINA 250G', '35', 2.25, 1.35, 19, 0, '0', 0),
(97, '1', '7478145845951', 'PAN TOSTADO PAQUETE', '30', 2.75, 1.65, 20, 0, '0', 0),
(98, '1', '7478145845952', 'DONAS GLASEADAS 6 UNIDADES', '20', 3.50, 2.10, 20, 0, '0', 0),
(99, '1', '7478145845953', 'CROISSANT UNIDAD', '25', 1.25, 0.75, 20, 0, '0', 0),
(100, '1', '7478145845954', 'PESCADO TILAPIA 1 LIBRA', '15', 4.75, 2.85, 21, 0, '0', 0),
(101, '1', '7478145845955', 'CAMARONES 1 LIBRA', '10', 12.50, 7.50, 21, 0, '0', 0),
(102, '1', '7478145845956', 'SALCHICHA VIENA 1 LIBRA', '25', 3.25, 1.95, 21, 0, '0', 0),
(103, '1', '7478145845957', 'LIM?ôN 1 LIBRA', '35', 1.25, 0.75, 22, 0, '0', 0),
(104, '1', '7478145845958', 'AGUACATE UNIDAD', '30', 0.75, 0.45, 22, 0, '0', 0),
(105, '1', '7478145845959', 'LECHUGA UNIDAD', '25', 1.50, 0.90, 22, 0, '0', 0),
(106, '1', '7478145845960', 'CHILE VERDE 1 LIBRA', '20', 2.00, 1.20, 22, 0, '0', 0),
(107, '1', '7478145845961', 'SUAVIZANTE DE ROPA 1 LITRO', '22', 3.75, 2.25, 23, 0, '0', 0),
(108, '1', '7478145845962', 'JAB?ôN L?ìQUIDO PLATOS 500ML', '28', 2.50, 1.50, 23, 0, '0', 0),
(109, '1', '7478145845963', 'ESPONJA PARA PLATOS', '60', 0.75, 0.45, 23, 0, '0', 0),
(110, '1', '7478145845964', 'ESCOBA B?üSICA', '15', 6.25, 3.75, 23, 0, '0', 0),
(111, '1', '7478145845965', 'TRAPEADOR', '12', 8.50, 5.10, 23, 0, '0', 0),
(112, '1', '7478145845966', 'ACONDICIONADOR 400ML1', '20', 4.75, 2.85, 24, 0, '0', 0),
(113, '1', '7478145845967', 'JAB?ôN ANTIBACTERIAL 250ML', '35', 3.25, 1.95, 24, 0, '0', 0),
(114, '1', '7478145845968', 'LOCI?ôN CORPORAL 300ML', '18', 6.50, 3.90, 24, 0, '0', 0),
(115, '1', '7478145845969', 'PROTECTOR SOLAR SPF30 100ML', '15', 12.75, 7.65, 24, 0, '0', 0),
(116, '1', '7478145845970', 'ASPIRINA 500MG 10 TABLETAS', '30', 2.75, 1.65, 25, 0, '0', 0),
(117, '1', '7478145845856', 'PEPSI COLA 2 LITROS', '15', 4.50, 2.25, 1, 0, '0', 0),
(118, '1', '7478145845857', 'SPRITE 1.5 LITROS', '20', 3.75, 1.85, 1, 0, '0', 0),
(119, '1', '7478145845858', 'FANTA NARANJA 2 LITROS', '12', 4.25, 2.10, 1, 0, '0', 0),
(120, '1', '7478145845859', 'AGUA PURA 1 LITRO', '50', 1.00, 0.50, 1, 0, '0', 0),
(121, '1', '7478145845860', 'JUGO DE NARANJA 1 LITRO', '25', 2.50, 1.25, 1, 0, '0', 0),
(122, '1', '7478145845861', 'CERVEZA PILSENER 355ML', '100', 1.25, 0.75, 1, 0, '0', 0),
(123, '1', '7478145845862', 'REDBULL 250ML', '30', 2.00, 1.20, 1, 0, '0', 0),
(124, '1', '7478145845863', 'CAF?ë INSTANT?üNEO 200G', '40', 5.50, 3.25, 1, 0, '0', 0),
(125, '1', '7478145845864', 'ARROZ BLANCO 1 LIBRA', '80', 1.50, 0.85, 18, 0, '0', 0),
(126, '1', '7478145845865', 'FRIJOLES ROJOS 1 LIBRA', '60', 2.00, 1.20, 18, 0, '0', 0),
(127, '1', '7478145845866', 'ACEITE VEGETAL 1 LITRO1', '35', 3.25, 2.00, 18, 6, '2.98', 0),
(128, '1', '7478145845867', 'AZ?ÜCAR BLANCA 1 LIBRA', '70', 1.25, 0.75, 18, 0, '0', 0),
(129, '1', '7478145845868', 'SAL DE MESA 1 LIBRA', '90', 0.75, 0.40, 18, 0, '0', 0),
(130, '1', '7478145845869', 'PASTA ESPAGUETI 1 LIBRA', '45', 1.75, 1.00, 18, 0, '0', 0),
(131, '1', '7478145845870', 'AT?ÜN EN LATA 185G', '55', 2.25, 1.35, 18, 0, '0', 0),
(132, '1', '7478145845871', 'SARDINAS EN LATA 155G', '40', 1.50, 0.90, 18, 0, '0', 0),
(133, '1', '7478145845872', 'LECHE ENTERA 1 LITRO', '25', 2.75, 1.65, 19, 0, '0', 0),
(134, '1', '7478145845873', 'QUESO FRESCO 1 LIBRA', '20', 4.50, 2.70, 19, 0, '0', 0),
(135, '1', '7478145845874', 'YOGURT NATURAL 1 LITRO', '18', 3.25, 1.95, 19, 0, '0', 0),
(136, '1', '7478145845875', 'MANTEQUILLA 250G', '30', 3.75, 2.25, 19, 0, '0', 0),
(137, '1', '7478145845876', 'CREMA DULCE 250ML', '22', 2.50, 1.50, 19, 0, '0', 0),
(138, '1', '7478145845877', 'QUESO AMARILLO 8 TAJADAS', '35', 2.25, 1.35, 19, 0, '0', 0),
(139, '1', '7478145845878', 'PAN FRANC?ëS UNIDAD', '100', 0.25, 0.15, 20, 0, '0', 0),
(140, '1', '7478145845879', 'PAN DULCE UNIDAD', '80', 0.50, 0.30, 20, 0, '0', 0),
(141, '1', '7478145845880', 'TORTILLAS 10 UNIDADES', '60', 1.00, 0.60, 20, 0, '0', 0),
(142, '1', '7478145845881', 'PASTEL CHOCOLATE REBANADA', '15', 2.50, 1.50, 20, 0, '0', 0),
(143, '1', '7478145845882', 'GALLETAS MAR?ìA PAQUETE', '40', 1.25, 0.75, 20, 0, '0', 0),
(144, '1', '7478145845883', 'POLLO ENTERO 1 LIBRA', '25', 3.50, 2.10, 21, 0, '0', 0),
(145, '1', '7478145845884', 'CARNE DE RES 1 LIBRA', '20', 5.75, 3.45, 21, 0, '0', 0),
(146, '1', '7478145845885', 'CERDO 1 LIBRA', '18', 4.25, 2.55, 21, 0, '0', 0),
(147, '1', '7478145845886', 'CHORIZO 1 LIBRA', '30', 3.75, 2.25, 21, 0, '0', 0),
(148, '1', '7478145845887', 'JAM?ôN REBANADO 1 LIBRA', '15', 6.50, 3.90, 21, 0, '0', 0),
(149, '1', '7478145845888', 'PL?üTANO 1 LIBRA', '50', 1.00, 0.60, 22, 0, '0', 0),
(150, '1', '7478145845889', 'MANZANA 1 LIBRA', '40', 2.25, 1.35, 22, 0, '0', 0),
(151, '1', '7478145845890', 'NARANJA 1 LIBRA', '45', 1.50, 0.90, 22, 0, '0', 0),
(152, '1', '7478145845891', 'TOMATE 1 LIBRA', '35', 1.75, 1.05, 22, 0, '0', 0),
(153, '1', '7478145845892', 'CEBOLLA 1 LIBRA', '40', 1.25, 0.75, 22, 0, '0', 0),
(154, '1', '7478145845893', 'PAPA 1 LIBRA', '60', 1.00, 0.60, 22, 0, '0', 0),
(155, '1', '7478145845894', 'ZANAHORIA 1 LIBRA', '30', 1.50, 0.90, 22, 0, '0', 0),
(156, '1', '7478145845895', 'DETERGENTE EN POLVO 1KG', '25', 4.50, 2.70, 23, 0, '0', 0),
(157, '1', '7478145845896', 'JAB?ôN DE BA?æO UNIDAD', '60', 1.25, 0.75, 23, 0, '0', 0),
(158, '1', '7478145845897', 'CLORO 1 LITRO', '35', 2.00, 1.20, 23, 0, '0', 0),
(159, '1', '7478145845898', 'DESINFECTANTE 1 LITRO', '30', 3.25, 1.95, 23, 0, '0', 0),
(160, '1', '7478145845899', 'PAPEL HIGI?ëNICO 4 ROLLOS', '40', 3.75, 2.25, 23, 0, '0', 0),
(161, '1', '7478145845900', 'CHAMP?Ü 400ML', '25', 4.25, 2.55, 24, 0, '0', 0),
(162, '1', '7478145845901', 'PASTA DENTAL 100G', '45', 2.50, 1.50, 24, 0, '0', 0),
(163, '1', '7478145845902', 'DESODORANTE 150ML', '30', 3.75, 2.25, 24, 0, '0', 0),
(164, '1', '7478145845903', 'CREMA CORPORAL 250ML', '20', 5.50, 3.30, 24, 0, '0', 0),
(165, '1', '7478145845904', 'CEPILLO DE DIENTES', '50', 1.75, 1.05, 24, 0, '0', 0),
(166, '1', '7478145845905', 'ACETAMINOF?ëN 500MG 10 TABLETAaas', '40', 2.25, 1.35, 25, 0, '0', 0),
(167, '1', '7478145845906', 'IBUPROFENO 400MG 10 TABLETAS', '35', 3.50, 2.10, 25, 0, '0', 0),
(168, '1', '7478145845907', 'VITAMINA C 500MG 30 TABLETAS', '25', 8.75, 5.25, 25, 0, '0', 0),
(169, '1', '7478145845908', 'JARABE PARA TOS 120ML', '20', 6.25, 3.75, 25, 0, '0', 0),
(170, '1', '7478145845909', 'CABLE USB TIPO C', '30', 5.50, 3.30, 26, 0, '0', 0),
(171, '1', '7478145845910', 'AUD?ìFONOS B?üSICOS', '25', 12.50, 7.50, 26, 0, '0', 0),
(172, '1', '7478145845911', 'CARGADOR DE CELULAR', '20', 8.75, 5.25, 26, 0, '0', 0),
(173, '1', '7478145845912', 'MEMORIA USB 16GB', '15', 15.00, 9.00, 26, 0, '0', 0),
(174, '1', '7478145845913', 'PELOTA DE F?ÜTBOL', '12', 18.50, 11.10, 27, 0, '0', 0),
(175, '1', '7478145845914', 'MU?æECA B?üSICA', '15', 25.00, 15.00, 27, 0, '0', 0),
(176, '1', '7478145845915', 'CARRITO DE JUGUETE', '18', 12.75, 7.65, 27, 0, '0', 0),
(177, '1', '7478145845916', 'ROMPECABEZAS 100 PIEZAS', '10', 8.50, 5.10, 27, 0, '0', 0),
(178, '1', '7478145845917', 'CAMISETA B?üSICA TALLA M', '20', 8.50, 5.10, 28, 0, '0', 0),
(179, '1', '7478145845918', 'PANTAL?ôN JEAN TALLA 32', '15', 25.00, 15.00, 28, 0, '0', 0),
(180, '1', '7478145845919', 'CALCETINES PAR', '40', 2.50, 1.50, 28, 0, '0', 0),
(181, '1', '7478145845920', 'GORRA DEPORTIVA', '25', 6.75, 4.05, 28, 0, '0', 0),
(182, '1', '7478145845921', 'MARTILLO B?üSICO', '10', 12.50, 7.50, 29, 0, '0', 0),
(183, '1', '7478145845922', 'DESTORNILLADOR PLANO', '20', 3.75, 2.25, 29, 0, '0', 0),
(184, '1', '7478145845923', 'ALICATE B?üSICO', '15', 8.25, 4.95, 29, 0, '0', 0),
(185, '1', '7478145845924', 'CINTA M?ëTRICA 3M', '12', 5.50, 3.30, 29, 0, '0', 0),
(186, '1', '7478145845925', 'CUADERNO 100 HOJAS', '30', 2.25, 1.35, 30, 0, '0', 0),
(187, '1', '7478145845926', 'BOL?ìGRAFO AZUL', '60', 0.50, 0.30, 30, 0, '0', 0),
(188, '1', '7478145845927', 'L?üPIZ HB', '80', 0.25, 0.15, 30, 0, '0', 0),
(189, '1', '7478145845928', 'BORRADOR BLANCO', '50', 0.75, 0.45, 30, 0, '0', 0),
(190, '1', '7478145845929', 'REGLA 30CM', '25', 1.50, 0.90, 30, 0, '0', 0),
(191, '1', '7478145845930', 'VELA AROM?üTICA', '20', 4.25, 2.55, 31, 0, '0', 0),
(192, '1', '7478145845931', 'FLORERO PEQUE?æO', '12', 8.75, 5.25, 31, 0, '0', 0),
(193, '1', '7478145845932', 'COJ?ìN DECORATIVO', '15', 12.50, 7.50, 31, 0, '0', 0),
(194, '1', '7478145845933', 'MARCO PARA FOTO 10X15', '18', 6.25, 3.75, 31, 0, '0', 0),
(195, '1', '7478145845934', 'GALLETAS SALADAS PAQUETE', '35', 1.75, 1.05, 18, 0, '0', 0),
(196, '1', '7478145845935', 'MERMELADA FRESA 250G', '28', 3.25, 1.95, 18, 0, '0', 0),
(197, '1', '7478145845936', 'MIEL DE ABEJA 250ML', '15', 6.50, 3.90, 18, 0, '0', 0),
(198, '1', '7478145845937', 'VINAGRE BLANCO 500ML', '40', 1.25, 0.75, 18, 0, '0', 0),
(199, '1', '7478145845938', 'MAYONESA 250G', '32', 2.75, 1.65, 18, 0, '0', 0),
(200, '1', '7478145845939', 'KETCHUP 250G', '30', 2.50, 1.50, 18, 0, '0', 0),
(201, '1', '7478145845940', 'MOSTAZA 200G', '25', 2.25, 1.35, 18, 0, '0', 0),
(202, '1', '7478145845941', 'SALSA INGLESA 150ML', '20', 3.75, 2.25, 18, 0, '0', 0),
(203, '1', '7478145845942', 'CONSOM?ë DE POLLO 12 CUBOS', '45', 1.50, 0.90, 18, 0, '0', 0),
(204, '1', '7478145845943', 'GELATINA SABOR FRESA', '50', 0.75, 0.45, 18, 0, '0', 0),
(205, '1', '7478145845944', 'AVENA EN HOJUELAS 500G', '25', 2.75, 1.65, 18, 0, '0', 0),
(206, '1', '7478145845945', 'CEREAL CORN FLAKES 350G', '20', 4.50, 2.70, 18, 0, '0', 0),
(207, '1', '7478145845946', 'LECHE CONDENSADA 397G', '18', 3.25, 1.95, 19, 0, '0', 0),
(208, '1', '7478145845947', 'LECHE EVAPORADA 410G', '22', 2.75, 1.65, 19, 0, '0', 0),
(209, '1', '7478145845948', 'QUESO CREMA 200G', '15', 4.25, 2.55, 19, 0, '0', 0),
(210, '1', '7478145845949', 'HUEVOS DOCENA', '40', 3.50, 2.10, 19, 0, '0', 0),
(211, '1', '7478145845950', 'MARGARINA 250G', '35', 2.25, 1.35, 19, 0, '0', 0),
(212, '1', '7478145845951', 'PAN TOSTADO PAQUETE', '30', 2.75, 1.65, 20, 0, '0', 0),
(213, '1', '7478145845952', 'DONAS GLASEADAS 6 UNIDADES', '20', 3.50, 2.10, 20, 0, '0', 0),
(214, '1', '7478145845953', 'CROISSANT UNIDAD', '25', 1.25, 0.75, 20, 0, '0', 0),
(215, '1', '7478145845954', 'PESCADO TILAPIA 1 LIBRA', '15', 4.75, 2.85, 21, 0, '0', 0),
(216, '1', '7478145845955', 'CAMARONES 1 LIBRA', '10', 12.50, 7.50, 21, 0, '0', 0),
(217, '1', '7478145845956', 'SALCHICHA VIENA 1 LIBRA', '25', 3.25, 1.95, 21, 0, '0', 0),
(218, '1', '7478145845957', 'LIM?ôN 1 LIBRA', '35', 1.25, 0.75, 22, 0, '0', 0),
(219, '1', '7478145845958', 'AGUACATE UNIDAD', '30', 0.75, 0.45, 22, 0, '0', 0),
(220, '1', '7478145845959', 'LECHUGA UNIDAD', '25', 1.50, 0.90, 22, 0, '0', 0),
(221, '1', '7478145845960', 'CHILE VERDE 1 LIBRA', '20', 2.00, 1.20, 22, 0, '0', 0),
(222, '1', '7478145845961', 'SUAVIZANTE DE ROPA 1 LITRO', '22', 3.75, 2.25, 23, 0, '0', 0),
(223, '1', '7478145845962', 'JAB?ôN L?ìQUIDO PLATOS 500ML', '28', 2.50, 1.50, 23, 0, '0', 0),
(224, '1', '7478145845963', 'ESPONJA PARA PLATOS', '60', 0.75, 0.45, 23, 0, '0', 0),
(225, '1', '7478145845964', 'ESCOBA B?üSICA', '15', 6.25, 3.75, 23, 0, '0', 0),
(226, '1', '7478145845965', 'TRAPEADOR', '12', 8.50, 5.10, 23, 0, '0', 0),
(227, '1', '7478145845966', 'ACONDICIONADOR 400ML', '20', 4.75, 2.85, 24, 0, '0', 0),
(228, '1', '7478145845967', 'JAB?ôN ANTIBACTERIAL 250ML', '35', 3.25, 1.95, 24, 0, '0', 0),
(229, '1', '7478145845968', 'LOCI?ôN CORPORAL 300ML', '18', 6.50, 3.90, 24, 0, '0', 0),
(230, '1', '7478145845969', 'PROTECTOR SOLAR SPF30 100ML', '15', 12.75, 7.65, 24, 0, '0', 0),
(231, '1', '7478145845970', 'ASPIRINA 500MG 10 TABLETAS', '30', 2.75, 1.65, 25, 0, '0', 0);

-- --------------------------------------------------------

--
-- Estructura de tabla para la tabla `tblcontribuyentesproveedores`
--

CREATE TABLE `tblcontribuyentesproveedores` (
  `UUIDProveedor` char(36) NOT NULL,
  `UUIDContribuyente` char(36) NOT NULL,
  `RazonSocial` varchar(200) NOT NULL,
  `Celular` varchar(15) DEFAULT NULL,
  `Documento` varchar(50) DEFAULT NULL,
  `CorrecoElectronico` varchar(50) NOT NULL,
  `Direccion` varchar(50) NOT NULL
) ENGINE=InnoDB DEFAULT CHARSET=utf8mb4 COLLATE=utf8mb4_general_ci;

--
-- Volcado de datos para la tabla `tblcontribuyentesproveedores`
--

INSERT INTO `tblcontribuyentesproveedores` (`UUIDProveedor`, `UUIDContribuyente`, `RazonSocial`, `Celular`, `Documento`, `CorrecoElectronico`, `Direccion`) VALUES
('df383dcc-4d70-426d-824c-181f99218f67', '1', 'edwin coto', '', '06603072', '', '');

-- --------------------------------------------------------

--
-- Estructura de tabla para la tabla `tblcontribuyentesvendedores`
--

CREATE TABLE `tblcontribuyentesvendedores` (
  `UUIDVendedor` char(36) NOT NULL,
  `UUIDContribuyente` char(36) NOT NULL,
  `NombreUsuario` varchar(100) NOT NULL,
  `Telefono` varchar(8) NOT NULL,
  `Rol` varchar(50) NOT NULL,
  `CodPuntoVenta` varchar(10) NOT NULL,
  `Perm_RegistrarVentasYGastos` tinyint(1) DEFAULT 0,
  `Perm_EditarEliminarVentasYGastos` tinyint(1) DEFAULT 0,
  `Perm_VisualizarMovimientos` tinyint(1) DEFAULT 0,
  `Perm_VerResumenMovimientos` tinyint(1) DEFAULT 0,
  `Perm_AbrirCaja` tinyint(1) DEFAULT 0,
  `Perm_CerrarCaja` tinyint(1) DEFAULT 0,
  `Perm_ReporteCaja` tinyint(1) DEFAULT 0,
  `Perm_EliminarCierreCaja` tinyint(1) DEFAULT 0,
  `Perm_VerResumenCajaTurno` tinyint(1) DEFAULT 0,
  `Perm_EditarCierreCaja` tinyint(1) DEFAULT 0,
  `Perm_CrearItemsInventario` tinyint(1) DEFAULT 0,
  `Perm_EditarEliminarItemsInventario` tinyint(1) DEFAULT 0,
  `Perm_VerInventario` tinyint(1) DEFAULT 0,
  `Perm_DescargarReportesInventario` tinyint(1) DEFAULT 0,
  `Perm_DescargarReportesMovimientos` tinyint(1) DEFAULT 0,
  `Perm_UtilizarFiltrosMovimientos` tinyint(1) DEFAULT 0,
  `Perm_VerEstadisticas` tinyint(1) DEFAULT 0,
  `Perm_CrearClientesProveedores` tinyint(1) DEFAULT 0,
  `Perm_EditarEliminarClientesProveedores` tinyint(1) DEFAULT 0,
  `Perm_VerEditarConfiguracion` tinyint(1) DEFAULT 0,
  `Perm_CrearEmpleados` tinyint(1) DEFAULT 0,
  `Perm_EditarEliminarEmpleados` tinyint(1) DEFAULT 0,
  `FechaRegistro` timestamp NOT NULL DEFAULT current_timestamp(),
  `UsuarioRegistro` varchar(100) DEFAULT NULL,
  `Perm_VerEmpleados` int(11) NOT NULL
) ENGINE=InnoDB DEFAULT CHARSET=latin1 COLLATE=latin1_swedish_ci;

--
-- Volcado de datos para la tabla `tblcontribuyentesvendedores`
--

INSERT INTO `tblcontribuyentesvendedores` (`UUIDVendedor`, `UUIDContribuyente`, `NombreUsuario`, `Telefono`, `Rol`, `CodPuntoVenta`, `Perm_RegistrarVentasYGastos`, `Perm_EditarEliminarVentasYGastos`, `Perm_VisualizarMovimientos`, `Perm_VerResumenMovimientos`, `Perm_AbrirCaja`, `Perm_CerrarCaja`, `Perm_ReporteCaja`, `Perm_EliminarCierreCaja`, `Perm_VerResumenCajaTurno`, `Perm_EditarCierreCaja`, `Perm_CrearItemsInventario`, `Perm_EditarEliminarItemsInventario`, `Perm_VerInventario`, `Perm_DescargarReportesInventario`, `Perm_DescargarReportesMovimientos`, `Perm_UtilizarFiltrosMovimientos`, `Perm_VerEstadisticas`, `Perm_CrearClientesProveedores`, `Perm_EditarEliminarClientesProveedores`, `Perm_VerEditarConfiguracion`, `Perm_CrearEmpleados`, `Perm_EditarEliminarEmpleados`, `FechaRegistro`, `UsuarioRegistro`, `Perm_VerEmpleados`) VALUES
('0ff038f6-8745-11f0-ac94-989096a0999b', '2', 'Laura Rivera', '', 'Propietario', 'P001', 1, 1, 1, 1, 0, 0, 0, 0, 0, 0, 0, 0, 0, 0, 0, 0, 0, 0, 0, 0, 0, 0, '2025-09-01 15:05:13', NULL, 0),
('721dfc2f-841e-11f0-9acd-989096a0999b', '1', 'Edwin Antonio Coto Benavides', '75399076', 'Propietario', 'P001', 1, 1, 1, 1, 1, 1, 1, 1, 1, 1, 1, 1, 1, 1, 1, 1, 1, 1, 1, 1, 1, 1, '2025-08-28 14:51:14', 'Antonio Hernandez', 1),
('ef6143aa-0df0-47b2-ab27-2ef32ee238b1', '1', 'Jose Antonio Hernandez Guzman', '74854585', 'Vendedor', 'PV02', 0, 0, 0, 0, 0, 0, 0, 0, 0, 0, 0, 0, 0, 0, 0, 0, 0, 0, 0, 0, 0, 0, '2025-09-02 18:57:51', 'Edwin Antonio Coto Benavides', 0);

-- --------------------------------------------------------

--
-- Estructura de tabla para la tabla `tbldepartamentos`
--

CREATE TABLE `tbldepartamentos` (
  `UUIDDepartamento` int(11) NOT NULL,
  `CodigoMH` varchar(100) DEFAULT NULL,
  `Departamento` varchar(50) DEFAULT NULL
) ENGINE=InnoDB DEFAULT CHARSET=utf8 COLLATE=utf8_spanish2_ci;

--
-- Volcado de datos para la tabla `tbldepartamentos`
--

INSERT INTO `tbldepartamentos` (`UUIDDepartamento`, `CodigoMH`, `Departamento`) VALUES
(0, '00', 'Otros (Extranjeros)'),
(1, '01', 'AHUACHAPAN'),
(2, '02', 'SANTA ANA'),
(3, '03', 'SON SONATE'),
(4, '04', 'CHALATENANGO'),
(5, '05', 'LA LIBERTAD'),
(6, '06', 'SAN SALVADOR'),
(7, '07', 'CUSCATLAN'),
(8, '08', 'LA PAZ'),
(9, '09', 'CABAÑAS'),
(10, '10', 'SAN VICENTE'),
(11, '11', 'USULUTAN'),
(12, '12', 'SAN MIGUEL'),
(13, '13', 'MORAZAN'),
(14, '14', 'LA UNION');

-- --------------------------------------------------------

--
-- Estructura de tabla para la tabla `tbldistritos`
--

CREATE TABLE `tbldistritos` (
  `UUIDDistrito` int(11) NOT NULL,
  `UUIDMunicipio` int(11) DEFAULT NULL,
  `UUIDDepartamento` int(11) DEFAULT NULL,
  `Distrito` varchar(50) DEFAULT NULL
) ENGINE=InnoDB DEFAULT CHARSET=utf8 COLLATE=utf8_spanish2_ci;

--
-- Volcado de datos para la tabla `tbldistritos`
--

INSERT INTO `tbldistritos` (`UUIDDistrito`, `UUIDMunicipio`, `UUIDDepartamento`, `Distrito`) VALUES
(101, 2, 1, 'AHUACHAPÁN'),
(102, 1, 1, 'APANECA'),
(103, 1, 1, 'ATIQUIZAYA'),
(104, 2, 1, 'CONCEPCIÓN DE ATACO'),
(105, 1, 1, 'EL REFUGIO'),
(106, 3, 1, 'GUAYMANGO'),
(107, 3, 1, 'JUJUTLA'),
(108, 3, 1, 'SAN FRANCISCO MENÉNDEZ '),
(109, 1, 1, 'SAN LORENZO'),
(110, 3, 1, 'SAN PEDRO PUXTLA'),
(111, 2, 1, 'TACUBA'),
(112, 1, 1, 'TURÍN'),
(201, 37, 2, 'CANDELARIA DE LA FRONTERA'),
(202, 36, 2, 'COATEPEQUE'),
(203, 37, 2, 'CHALCHUAPA'),
(204, 36, 2, 'EL CONGO'),
(205, 37, 2, 'EL PORVENIR'),
(206, 34, 2, 'MASAHUAT'),
(207, 34, 2, 'METAPÁN'),
(208, 37, 2, 'SAN ANTONIO PAJONAL'),
(209, 37, 2, 'SAN SEBASTIÁN SALITRILLO'),
(210, 35, 2, 'SANTA ANA'),
(211, 34, 2, 'SANTA ROSA GUACHIPILÍN'),
(212, 37, 2, 'SANTIAGO DE LA FRONTERA'),
(213, 34, 2, 'TEXISTEPEQUE'),
(301, 33, 3, 'ACAJUTLA'),
(302, 32, 3, 'ARMENIA'),
(303, 32, 3, 'CALUCO'),
(304, 32, 3, 'CUISNAHUAT'),
(305, 32, 3, 'SANTA ISABEL ISHUATÁN'),
(306, 32, 3, 'IZALCO'),
(307, 30, 3, 'JUAYÚA'),
(308, 30, 3, 'NAHUIZALCO'),
(309, 31, 3, 'NAHULINGO'),
(310, 30, 3, 'SALCOATITÁN'),
(311, 31, 3, 'SAN ANTONIO DEL MONTE'),
(312, 32, 3, 'SAN JULIÁN'),
(313, 30, 3, 'SANTA CATARINA MASAHUAT'),
(314, 31, 3, 'SANTO DOMINGO DE GUZMÁN'),
(315, 31, 3, 'SONSONATE'),
(316, 31, 3, 'SONZACATE'),
(401, 16, 4, 'AGUA CALIENTE'),
(402, 17, 4, 'ARCATAO'),
(403, 17, 4, 'AZACUALPA'),
(404, 15, 4, 'CITALÁ'),
(405, 17, 4, 'COMALAPA'),
(406, 17, 4, 'CONCEPCIÓN QUEZALTEPEQUE'),
(407, 17, 4, 'CHALATENANGO'),
(408, 16, 4, 'DULCE NOMBRE DE MARÍA'),
(409, 17, 4, 'EL CARRIZAL'),
(410, 16, 4, 'EL PARAÍSO'),
(411, 17, 4, 'LA LAGUNA'),
(412, 15, 4, 'LA PALMA'),
(413, 16, 4, 'LA REINA'),
(414, 17, 4, 'LAS VUELTAS'),
(415, 17, 4, 'NOMBRE DE JESÚS'),
(416, 16, 4, 'NUEVA CONCEPCIÓN'),
(417, 17, 4, 'NUEVA TRINIDAD'),
(418, 17, 4, 'OJOS DE AGUA'),
(419, 17, 4, 'POTONICO'),
(420, 17, 4, 'SAN ANTONIO DE LA CRUZ'),
(421, 17, 4, 'SAN ANTONIO LOS RANCHOS'),
(422, 16, 4, 'SAN FERNANDO'),
(423, 17, 4, 'SAN FRANCISCO LEMPA'),
(424, 16, 4, 'SAN FRANCISCO MORAZÁN'),
(425, 15, 4, 'SAN IGNACIO'),
(426, 17, 4, 'SAN ISIDRO LABRADOR'),
(427, 17, 4, 'SAN JOSÉ CANCASQUE '),
(428, 17, 4, 'SAN JOSÉ LAS FLORES'),
(429, 17, 4, 'SAN LUIS DEL CARMEN'),
(430, 17, 4, 'SAN MIGUEL DE MERCEDES'),
(431, 16, 4, 'SAN RAFAEL'),
(432, 16, 4, 'SANTA RITA'),
(433, 16, 4, 'TEJUTLA'),
(501, 12, 5, 'ANTIGUO CUSCATLÁN'),
(502, 10, 5, 'CIUDAD ARCE'),
(503, 11, 5, 'COLÓN'),
(504, 14, 5, 'COMASAGUA'),
(505, 13, 5, 'CHILTIUPÁN'),
(506, 12, 5, 'HUIZÚCAR'),
(507, 11, 5, 'JAYAQUE'),
(508, 13, 5, 'JICALAPA'),
(509, 13, 5, 'LA LIBERTAD'),
(510, 12, 5, 'NUEVO CUSCATLÁN'),
(511, 14, 5, 'SANTA TECLA'),
(512, 9, 5, 'QUEZALTEPEQUE'),
(513, 11, 5, 'SACACOYO'),
(514, 12, 5, 'SAN JOSÉ VILLANUEVA'),
(515, 10, 5, 'SAN JUAN OPICO'),
(516, 9, 5, 'SAN MATÍAS'),
(517, 9, 5, 'SAN PABLO TACACHICO'),
(518, 13, 5, 'TAMANIQUE'),
(519, 11, 5, 'TALNIQUE'),
(520, 13, 5, 'TEOTEPEQUE'),
(521, 11, 5, 'TEPECOYO'),
(522, 12, 5, 'ZARAGOZA'),
(601, 4, 6, 'AGUILARES'),
(602, 5, 6, 'APOPA'),
(603, 7, 6, 'AYUTUXTEPEQUE'),
(604, 7, 6, 'CUSCATANCINGO'),
(605, 4, 6, 'EL PAISNAL'),
(606, 4, 6, 'GUAZAPA'),
(607, 6, 6, 'ILOPANGO'),
(608, 7, 6, 'MEJICANOS'),
(609, 5, 6, 'NEJAPA'),
(610, 8, 6, 'PANCHIMALCO'),
(611, 8, 6, 'ROSARIO DE MORA'),
(612, 8, 6, 'SAN MARCOS'),
(613, 6, 6, 'SAN MARTÍN'),
(614, 7, 6, 'SAN SALVADOR'),
(615, 8, 6, 'SANTIAGO TEXACUANGOS'),
(616, 8, 6, 'SANTO TOMÁS'),
(617, 6, 6, 'SOYAPANGO'),
(618, 6, 6, 'TONACATEPEQUE'),
(619, 7, 6, 'CIUDAD DELGADO'),
(701, 19, 7, 'CANDELARIA'),
(702, 19, 7, 'COJUTEPEQUE'),
(703, 19, 7, 'EL CARMEN'),
(704, 19, 7, 'EL ROSARIO'),
(705, 19, 7, 'MONTE SAN JUAN'),
(706, 18, 7, 'ORATORIO DE CONCEPCIÓN'),
(707, 18, 7, 'SAN BARTOLOMÉ PERULAPÍA'),
(708, 19, 7, 'SAN CRISTÓBAL'),
(709, 18, 7, 'SAN JOSÉ GUAYABAL'),
(710, 18, 7, 'SAN PEDRO PERULAPÁN'),
(711, 19, 7, 'SAN RAFAEL CEDROS'),
(712, 19, 7, 'SAN RAMÓN'),
(713, 19, 7, 'SANTA CRUZ ANALQUITO'),
(714, 19, 7, 'SANTA CRUZ MICHAPA'),
(715, 18, 7, 'SUCHITOTO'),
(716, 19, 7, 'TENANCINGO'),
(801, 22, 8, 'CUYULTITÁN'),
(802, 23, 8, 'EL ROSARIO'),
(803, 23, 8, 'JERUSALÉN'),
(804, 23, 8, 'MERCEDES LA CEIBA'),
(805, 22, 8, 'OLOCUILTA'),
(806, 23, 8, 'PARAÍSO DE OSORIO'),
(807, 23, 8, 'SAN ANTONIO MASAHUAT'),
(808, 23, 8, 'SAN EMIGDIO'),
(809, 22, 8, 'SAN FRANCISCO CHINAMECA'),
(810, 24, 8, 'SAN JUAN NONUALCO'),
(811, 22, 8, 'SAN JUAN TALPA'),
(812, 23, 8, 'SAN JUAN TEPEZONTES'),
(813, 22, 8, 'SAN LUIS TALPA'),
(814, 23, 8, 'SAN MIGUEL TEPEZONTES'),
(815, 22, 8, 'SAN PEDRO MASAHUAT'),
(816, 23, 8, 'SAN PEDRO NONUALCO'),
(817, 24, 8, 'SAN RAFAEL OBRAJUELO'),
(818, 23, 8, 'SANTA MARÍA OSTUMA'),
(819, 23, 8, 'SANTIAGO NONUALCO'),
(820, 22, 8, 'TAPALHUACA'),
(821, 24, 8, 'ZACATECOLUCA'),
(822, 23, 8, 'SAN LUIS LA HERRADURA'),
(901, 21, 9, 'CINQUERA'),
(902, 20, 9, 'GUACOTECTI'),
(903, 21, 9, 'ILOBASCO'),
(904, 21, 9, 'JUTIAPA'),
(905, 20, 9, 'SAN ISIDRO'),
(906, 20, 9, 'SENSUNTEPEQUE'),
(907, 21, 9, 'TEJUTEPEQUE'),
(908, 20, 9, 'VILLA VICTORIA'),
(909, 20, 9, 'VILLA DOLORES'),
(1001, 38, 10, 'APASTEPEQUE'),
(1002, 39, 10, 'GUADALUPE'),
(1003, 39, 10, 'SAN CAYETANO ISTEPEQUE'),
(1004, 38, 10, 'SANTA CLARA'),
(1005, 38, 10, 'SANTO DOMINGO'),
(1006, 38, 10, 'SAN ESTEBAN CATARINA'),
(1007, 38, 10, 'SAN ILDEFONSO'),
(1008, 38, 10, 'SAN LORENZO'),
(1009, 38, 10, 'SAN SEBASTIÁN'),
(1010, 39, 10, 'SAN VICENTE'),
(1011, 39, 10, 'TECOLUCA'),
(1012, 39, 10, 'TEPETITÁN'),
(1013, 39, 10, 'VERAPAZ'),
(1101, 27, 11, 'ALEGRÍA'),
(1102, 27, 11, 'BERLÍN'),
(1103, 28, 11, 'CALIFORNIA'),
(1104, 28, 11, 'CONCEPCIÓN BATRES'),
(1105, 27, 11, 'EL TRIUNFO'),
(1106, 28, 11, 'EREGUAYQUÍN'),
(1107, 27, 11, 'ESTANZUELAS'),
(1108, 29, 11, 'JIQUILISCO'),
(1109, 27, 11, 'JUCUAPA'),
(1110, 28, 11, 'JUCUARÁN'),
(1111, 27, 11, 'MERCEDES UMAÑA'),
(1112, 27, 11, 'NUEVA GRANADA'),
(1113, 28, 11, 'OZATLÁN'),
(1114, 29, 11, 'PUERTO EL TRIUNFO'),
(1115, 29, 11, 'SAN AGUSTÍN'),
(1116, 27, 11, 'SAN BUENAVENTURA'),
(1117, 28, 11, 'SAN DIONISIO'),
(1118, 28, 11, 'SANTA ELENA'),
(1119, 29, 11, 'SAN FRANCISCO JAVIER'),
(1120, 28, 11, 'SANTA MARÍA'),
(1121, 27, 11, 'SANTIAGO DE MARÍA'),
(1122, 28, 11, 'TECAPÁN'),
(1123, 28, 11, 'USULUTÁN'),
(1201, 40, 12, 'CAROLINA'),
(1202, 40, 12, 'CIUDAD BARRIOS'),
(1203, 41, 12, 'COMACARÁN'),
(1204, 40, 12, 'CHAPELTIQUE'),
(1205, 42, 12, 'CHINAMECA'),
(1206, 41, 12, 'CHIRILAGUA'),
(1207, 42, 12, 'EL TRÁNSITO'),
(1208, 42, 12, 'LOLOTIQUE'),
(1209, 41, 12, 'MONCAGUA'),
(1210, 42, 12, 'NUEVA GUADALUPE'),
(1211, 40, 12, 'NUEVO EDÉN DE SAN JUAN'),
(1212, 41, 12, 'QUELEPA'),
(1213, 40, 12, 'SAN ANTONIO DEL MOSCO'),
(1214, 40, 12, 'SAN GERARDO'),
(1215, 42, 12, 'SAN JORGE'),
(1216, 40, 12, 'SAN LUIS DE LA REINA'),
(1217, 41, 12, 'SAN MIGUEL'),
(1218, 42, 12, 'SAN RAFAEL ORIENTE'),
(1219, 40, 12, 'SESORI'),
(1220, 41, 12, 'ULUAZAPA'),
(1301, 43, 13, 'ARAMBALA'),
(1302, 43, 13, 'CACAOPERA'),
(1303, 43, 13, 'CORINTO'),
(1304, 44, 13, 'CHILANGA'),
(1305, 44, 13, 'DELICIAS DE CONCEPCIÓN'),
(1306, 44, 13, 'EL DIVISADERO'),
(1307, 43, 13, 'EL ROSARIO'),
(1308, 44, 13, 'GUALOCOCTI'),
(1309, 44, 13, 'GUATAJIAGUA'),
(1310, 43, 13, 'JOATECA'),
(1311, 43, 13, 'JOCOAITIQUE'),
(1312, 44, 13, 'JOCORO'),
(1313, 44, 13, 'LOLOTIQUILLO'),
(1314, 43, 13, 'MEANGUERA'),
(1315, 44, 13, 'OSICALA'),
(1316, 43, 13, 'PERQUÍN'),
(1317, 44, 13, 'SAN CARLOS'),
(1318, 43, 13, 'SAN FERNANDO'),
(1319, 44, 13, 'SAN FRANCISCO GOTERA'),
(1320, 43, 13, 'SAN ISIDRO'),
(1321, 44, 13, 'SAN SIMÓN'),
(1322, 44, 13, 'SENSEMBRA'),
(1323, 44, 13, 'SOCIEDAD'),
(1324, 43, 13, 'TOROLA'),
(1325, 44, 13, 'YAMABAL'),
(1326, 44, 13, 'YOLOAIQUÍN'),
(1401, 25, 14, 'ANAMORÓS'),
(1402, 25, 14, 'BOLÍVAR'),
(1403, 25, 14, 'CONCEPCIÓN DE ORIENTE'),
(1404, 26, 14, 'CONCHAGUA'),
(1405, 26, 14, 'EL CARMEN'),
(1406, 25, 14, 'EL SAUCE'),
(1407, 26, 14, 'INTIPUCÁ'),
(1408, 26, 14, 'LA UNIÓN'),
(1409, 25, 14, 'LISLIQUE'),
(1410, 26, 14, 'MEANGUERA DEL GOLFO'),
(1411, 25, 14, 'NUEVA ESPARTA'),
(1412, 25, 14, 'PASAQUINA'),
(1413, 25, 14, 'POLORÓS'),
(1414, 26, 14, 'SAN ALEJO'),
(1415, 25, 14, 'SAN JOSÉ LA FUENTE'),
(1416, 25, 14, 'SANTA ROSA DE LIMA'),
(1417, 26, 14, 'YAYANTIQUE'),
(1418, 26, 14, 'YUCUAIQUÍN'),
(1419, 0, 0, 'Otros (Extranjeros)');

-- --------------------------------------------------------

--
-- Estructura de tabla para la tabla `tbltipomoneda`
--

CREATE TABLE `tbltipomoneda` (
  `idcurrency` int(11) NOT NULL,
  `CurrencyISO` varchar(3) DEFAULT NULL,
  `Language` varchar(3) DEFAULT NULL,
  `CurrencyName` varchar(35) DEFAULT NULL,
  `Money` varchar(30) DEFAULT NULL,
  `Symbol` varchar(3) DEFAULT NULL,
  `codigoarea` varchar(4) NOT NULL
) ENGINE=InnoDB DEFAULT CHARSET=utf8mb4 COLLATE=utf8mb4_general_ci;

--
-- Volcado de datos para la tabla `tbltipomoneda`
--

INSERT INTO `tbltipomoneda` (`idcurrency`, `CurrencyISO`, `Language`, `CurrencyName`, `Money`, `Symbol`, `codigoarea`) VALUES
(1, 'CRC', 'ES', 'Colon Costa Ricense', 'Colón', '₡', '506'),
(2, 'HNL', 'ES', 'Lempira Hondureno', 'Lempira', 'L', '504'),
(3, 'GTQ', 'ES', 'Quetzal', 'Quetzal', 'Q', '502'),
(4, 'SV', 'ES', 'Dolar Estadounidense', 'US.Dolar', '$', '503'),
(5, 'NIC', 'ES', 'Cordoba Nicaraguense', 'Córdoba', 'C', '505');

-- --------------------------------------------------------

--
-- Estructura de tabla para la tabla `tbltokens_verificacion`
--

CREATE TABLE `tbltokens_verificacion` (
  `IDToken` int(11) NOT NULL,
  `UUIDVendedor` char(36) NOT NULL,
  `Token` varchar(6) NOT NULL,
  `FechaCreacion` datetime NOT NULL,
  `FechaExpiracion` datetime NOT NULL,
  `Usado` tinyint(1) NOT NULL DEFAULT 0
) ENGINE=InnoDB DEFAULT CHARSET=latin1 COLLATE=latin1_swedish_ci;

--
-- Volcado de datos para la tabla `tbltokens_verificacion`
--

INSERT INTO `tbltokens_verificacion` (`IDToken`, `UUIDVendedor`, `Token`, `FechaCreacion`, `FechaExpiracion`, `Usado`) VALUES
(32, '0ff038f6-8745-11f0-ac94-989096a0999b', '433466', '2025-09-02 07:59:14', '2025-09-02 08:09:14', 1),
(45, '721dfc2f-841e-11f0-9acd-989096a0999b', '862374', '2025-09-02 12:56:54', '2025-09-02 13:06:54', 1);

--
-- Índices para tablas volcadas
--

--
-- Indices de la tabla `tblcatalogodeactividades`
--
ALTER TABLE `tblcatalogodeactividades`
  ADD PRIMARY KEY (`IDActividad`);

--
-- Indices de la tabla `tblcontribuyentes`
--
ALTER TABLE `tblcontribuyentes`
  ADD PRIMARY KEY (`UUIDContribuyente`);

--
-- Indices de la tabla `tblcontribuyentescategorias`
--
ALTER TABLE `tblcontribuyentescategorias`
  ADD PRIMARY KEY (`IDCategoria`),
  ADD UNIQUE KEY `ux_categoria_unica` (`UUIDContribuyente`,`Categoria`);

--
-- Indices de la tabla `tblcontribuyentesproductos`
--
ALTER TABLE `tblcontribuyentesproductos`
  ADD PRIMARY KEY (`UUIDProducto`);

--
-- Indices de la tabla `tblcontribuyentesproveedores`
--
ALTER TABLE `tblcontribuyentesproveedores`
  ADD PRIMARY KEY (`UUIDProveedor`,`UUIDContribuyente`);

--
-- Indices de la tabla `tblcontribuyentesvendedores`
--
ALTER TABLE `tblcontribuyentesvendedores`
  ADD PRIMARY KEY (`UUIDVendedor`);

--
-- Indices de la tabla `tbldepartamentos`
--
ALTER TABLE `tbldepartamentos`
  ADD PRIMARY KEY (`UUIDDepartamento`);

--
-- Indices de la tabla `tbldistritos`
--
ALTER TABLE `tbldistritos`
  ADD PRIMARY KEY (`UUIDDistrito`);

--
-- Indices de la tabla `tbltipomoneda`
--
ALTER TABLE `tbltipomoneda`
  ADD PRIMARY KEY (`idcurrency`);

--
-- Indices de la tabla `tbltokens_verificacion`
--
ALTER TABLE `tbltokens_verificacion`
  ADD PRIMARY KEY (`IDToken`),
  ADD KEY `idx_vendedor_token` (`UUIDVendedor`,`Token`),
  ADD KEY `idx_expiracion` (`FechaExpiracion`),
  ADD KEY `idx_usado_expiracion` (`Usado`,`FechaExpiracion`);

--
-- AUTO_INCREMENT de las tablas volcadas
--

--
-- AUTO_INCREMENT de la tabla `tblcatalogodeactividades`
--
ALTER TABLE `tblcatalogodeactividades`
  MODIFY `IDActividad` int(11) NOT NULL AUTO_INCREMENT, AUTO_INCREMENT=774;

--
-- AUTO_INCREMENT de la tabla `tblcontribuyentes`
--
ALTER TABLE `tblcontribuyentes`
  MODIFY `UUIDContribuyente` bigint(20) UNSIGNED NOT NULL AUTO_INCREMENT, AUTO_INCREMENT=3;

--
-- AUTO_INCREMENT de la tabla `tblcontribuyentescategorias`
--
ALTER TABLE `tblcontribuyentescategorias`
  MODIFY `IDCategoria` bigint(20) UNSIGNED NOT NULL AUTO_INCREMENT, AUTO_INCREMENT=34;

--
-- AUTO_INCREMENT de la tabla `tblcontribuyentesproductos`
--
ALTER TABLE `tblcontribuyentesproductos`
  MODIFY `UUIDProducto` bigint(20) UNSIGNED NOT NULL AUTO_INCREMENT, AUTO_INCREMENT=235;

--
-- AUTO_INCREMENT de la tabla `tbldepartamentos`
--
ALTER TABLE `tbldepartamentos`
  MODIFY `UUIDDepartamento` int(11) NOT NULL AUTO_INCREMENT, AUTO_INCREMENT=16;

--
-- AUTO_INCREMENT de la tabla `tbldistritos`
--
ALTER TABLE `tbldistritos`
  MODIFY `UUIDDistrito` int(11) NOT NULL AUTO_INCREMENT, AUTO_INCREMENT=1420;

--
-- AUTO_INCREMENT de la tabla `tbltipomoneda`
--
ALTER TABLE `tbltipomoneda`
  MODIFY `idcurrency` int(11) NOT NULL AUTO_INCREMENT, AUTO_INCREMENT=8;

--
-- AUTO_INCREMENT de la tabla `tbltokens_verificacion`
--
ALTER TABLE `tbltokens_verificacion`
  MODIFY `IDToken` int(11) NOT NULL AUTO_INCREMENT, AUTO_INCREMENT=46;

--
-- Restricciones para tablas volcadas
--

--
-- Filtros para la tabla `tbltokens_verificacion`
--
ALTER TABLE `tbltokens_verificacion`
  ADD CONSTRAINT `tbltokens_verificacion_ibfk_1` FOREIGN KEY (`UUIDVendedor`) REFERENCES `tblcontribuyentesvendedores` (`UUIDVendedor`) ON DELETE CASCADE;
COMMIT;

/*!40101 SET CHARACTER_SET_CLIENT=@OLD_CHARACTER_SET_CLIENT */;
/*!40101 SET CHARACTER_SET_RESULTS=@OLD_CHARACTER_SET_RESULTS */;
/*!40101 SET COLLATION_CONNECTION=@OLD_COLLATION_CONNECTION */;
